{
  "tool": "wildlife_trigger.optimize.m3_finetune",
  "design": "8.3",
  "candidate_id": "d4_m3_c45",
  "model_id": "M3-candidate",
  "kind": "pruned_fp32",
  "method": "c45",
  "seed": 42,
  "source_run_id": "c2_m0_fp32_seed42_20260716T061203Z",
  "source_checkpoint": {
    "path": "results/training/c2/c2_m0_fp32_seed42_20260716T061203Z/best.pt",
    "sha256": "42079c362013898c3354a65bbf8ced4524504c0dfc20cb6efaa00dabe9209074",
    "epoch": 11,
    "run_id": "c2_m0_fp32_seed42_20260716T061203Z"
  },
  "finetune_run_id": "d4_m3_c45_20260717T053038Z",
  "finetune_run_dir": "results/optimize/m3_prune/runs/d4/d4_m3_c45_20260717T053038Z",
  "best_epoch": 8,
  "best_checkpoint_sha256": "05550778512d37467bad65cce2df1e6c352a13d2e957848c97c4894d544a3299",
  "input": {
    "width": 256,
    "height": 192
  },
  "pruning": {
    "registration": "results/optimize/m3_prune/m3_registration.md",
    "target_fraction": 0.45,
    "predicted_reduction": 0.429923,
    "envelope_exhausted": true,
    "widths": {
      "features.2": 48,
      "features.3": 72,
      "features.4": 72,
      "features.5": 96,
      "features.6": 96,
      "features.7": 96,
      "features.8": 192,
      "features.9": 192,
      "features.10": 192,
      "features.11": 192,
      "features.12": 288,
      "features.13": 288,
      "features.14": 288,
      "features.15": 480,
      "features.16": 480,
      "features.17": 480
    },
    "removals": {
      "features.2": 48,
      "features.3": 72,
      "features.4": 72,
      "features.5": 96,
      "features.6": 96,
      "features.7": 96,
      "features.8": 192,
      "features.9": 192,
      "features.10": 192,
      "features.11": 192,
      "features.12": 288,
      "features.13": 288,
      "features.14": 288,
      "features.15": 480,
      "features.16": 480,
      "features.17": 480
    },
    "realized_mac_reduction_tp": 0.429923,
    "param_reduction": 0.402544,
    "profile_tp": {
      "macs": 178130448,
      "params": 1340912,
      "counter": "torch_pruning.utils.count_ops_and_params"
    },
    "params": 1340912,
    "macs_ladder_convention": 166765568,
    "exported_conv_shapes": [
      [
        16,
        32,
        1,
        1
      ],
      [
        24,
        48,
        1,
        1
      ],
      [
        24,
        72,
        1,
        1
      ],
      [
        32,
        1,
        3,
        3
      ],
      [
        32,
        3,
        3,
        3
      ],
      [
        32,
        72,
        1,
        1
      ],
      [
        32,
        96,
        1,
        1
      ],
      [
        32,
        96,
        1,
        1
      ],
      [
        48,
        1,
        3,
        3
      ],
      [
        48,
        16,
        1,
        1
      ],
      [
        64,
        96,
        1,
        1
      ],
      [
        64,
        192,
        1,
        1
      ],
      [
        64,
        192,
        1,
        1
      ],
      [
        64,
        192,
        1,
        1
      ],
      [
        72,
        1,
        3,
        3
      ],
      [
        72,
        1,
        3,
        3
      ],
      [
        72,
        24,
        1,
        1
      ],
      [
        72,
        24,
        1,
        1
      ],
      [
        96,
        1,
        3,
        3
      ],
      [
        96,
        1,
        3,
        3
      ],
      [
        96,
        1,
        3,
        3
      ],
      [
        96,
        32,
        1,
        1
      ],
      [
        96,
        32,
        1,
        1
      ],
      [
        96,
        32,
        1,
        1
      ],
      [
        96,
        192,
        1,
        1
      ],
      [
        96,
        288,
        1,
        1
      ],
      [
        96,
        288,
        1,
        1
      ],
      [
        160,
        288,
        1,
        1
      ],
      [
        160,
        480,
        1,
        1
      ],
      [
        160,
        480,
        1,
        1
      ],
      [
        192,
        1,
        3,
        3
      ],
      [
        192,
        1,
        3,
        3
      ],
      [
        192,
        1,
        3,
        3
      ],
      [
        192,
        1,
        3,
        3
      ],
      [
        192,
        64,
        1,
        1
      ],
      [
        192,
        64,
        1,
        1
      ],
      [
        192,
        64,
        1,
        1
      ],
      [
        192,
        64,
        1,
        1
      ],
      [
        288,
        1,
        3,
        3
      ],
      [
        288,
        1,
        3,
        3
      ],
      [
        288,
        1,
        3,
        3
      ],
      [
        288,
        96,
        1,
        1
      ],
      [
        288,
        96,
        1,
        1
      ],
      [
        288,
        96,
        1,
        1
      ],
      [
        320,
        480,
        1,
        1
      ],
      [
        480,
        1,
        3,
        3
      ],
      [
        480,
        1,
        3,
        3
      ],
      [
        480,
        1,
        3,
        3
      ],
      [
        480,
        160,
        1,
        1
      ],
      [
        480,
        160,
        1,
        1
      ],
      [
        480,
        160,
        1,
        1
      ],
      [
        1280,
        320,
        1,
        1
      ]
    ],
    "pre_finetune_primary": 0.0,
    "invariants": {
      "expansion_widths": {
        "features.2": 48,
        "features.3": 72,
        "features.4": 72,
        "features.5": 96,
        "features.6": 96,
        "features.7": 96,
        "features.8": 192,
        "features.9": 192,
        "features.10": 192,
        "features.11": 192,
        "features.12": 288,
        "features.13": 288,
        "features.14": 288,
        "features.15": 480,
        "features.16": 480,
        "features.17": 480
      },
      "forward_backward": "ok"
    }
  },
  "model": {
    "path": "results/optimize/m3_prune/c45/model.onnx",
    "sha256": "ebcca096d63843f3f623448ea40a7908b0a91b3069ceaa91cf3a5bfdcce5c741",
    "size_bytes": 5364784,
    "ir_version": 8,
    "producer": "pytorch 2.11.0",
    "opset_import": {
      "": 17
    },
    "inputs": [
      {
        "name": "input",
        "dtype": "FLOAT",
        "shape": [
          1,
          3,
          192,
          256
        ]
      }
    ],
    "outputs": [
      {
        "name": "logits",
        "dtype": "FLOAT",
        "shape": [
          1,
          16
        ]
      }
    ],
    "node_count": 170,
    "op_types": {
      "Add": 10,
      "Clip": 35,
      "Constant": 70,
      "Conv": 52,
      "Flatten": 1,
      "Gemm": 1,
      "GlobalAveragePool": 1
    }
  }
}
