{
  "environment": {
    "cpu_features": "asimd,asimddp",
    "looks_like_pi5": true,
    "onnxruntime_version": "1.27.0"
  },
  "fps": {
    "end_to_end_from_p50": 19.93556824343721,
    "inference_from_p50": 23.755932405677633
  },
  "image": "/opt/bundle/data/images/5858bfa6-23d2-11e8-a6a3-ec086b02610b.jpg",
  "intra_op_threads": 1,
  "measured_iterations": 300,
  "model": "/opt/bundle/models/M0.onnx",
  "model_sha256": "c3102764b6ab3bf9f5c8984b7cbdb80b581458db1e668d1e6d9e88df25ce5154",
  "performance_targets": {
    "aspirational": {
      "met_on_this_host": true,
      "min_fps": 10.0,
      "p95_end_to_end_ms": 100.0
    },
    "measured_on_pi": false,
    "note": "targets are Pi targets (DESIGN §11); the _on_this_host flags are diagnostic only -- not a Pi verdict until Phase F (§12.4).",
    "p95_end_to_end_ms": 50.32842225,
    "primary": {
      "met_on_this_host": true,
      "min_fps": 5.0,
      "p95_end_to_end_ms": 200.0
    }
  },
  "pipeline_config": {
    "cpu_arena": "on",
    "decode_reduction": 1,
    "graph_optimization": "all",
    "intra_op_threads": 1,
    "preprocess": "reference"
  },
  "provenance": "DESIGN §12.4: a latency number is a Pi result only when measured ON a Pi. Measured on any other host -- gx10 natively or under QEMU -- this is a smoke check of the timing path, never a performance claim.",
  "schema_version": 1,
  "stages_ms": {
    "decode": {
      "max": 6.130439,
      "mean": 6.051700586666665,
      "min": 6.024439,
      "p50": 6.051864999999999,
      "p95": 6.07335065,
      "p99": 6.08944719
    },
    "end_to_end": {
      "max": 50.476184,
      "mean": 50.15678988333334,
      "min": 49.921997,
      "p50": 50.1616,
      "p95": 50.32842225,
      "p99": 50.40901389
    },
    "inference": {
      "max": 42.418778,
      "mean": 42.09085047333331,
      "min": 41.849498,
      "p50": 42.0947485,
      "p95": 42.2710055,
      "p99": 42.34700637
    },
    "policy": {
      "max": 0.003926,
      "mean": 0.0032225633333333318,
      "min": 0.002815,
      "p50": 0.003185,
      "p95": 0.0035569000000000004,
      "p99": 0.0037603699999999994
    },
    "preprocess": {
      "max": 2.063412,
      "mean": 2.010736483333333,
      "min": 1.970504,
      "p50": 2.011782,
      "p95": 2.040523,
      "p99": 2.0504336299999997
    }
  },
  "system": {
    "cpu_frequency_khz": 2400000,
    "cpu_temperature_c": 47.95,
    "peak_rss_kib": 99220,
    "system_cpu_seconds": 0.10198,
    "throttling": "unavailable",
    "user_cpu_seconds": 16.142916
  },
  "warmup_iterations": 20
}
