{
  "environment": {
    "cpu_features": "asimd,asimddp",
    "looks_like_pi5": true,
    "onnxruntime_version": "1.27.0"
  },
  "fps": {
    "end_to_end_from_p50": 20.73585537321481,
    "inference_from_p50": 24.268572526204295
  },
  "image": "/opt/bundle/data/images/5858bfa6-23d2-11e8-a6a3-ec086b02610b.jpg",
  "intra_op_threads": 1,
  "measured_iterations": 300,
  "model": "/opt/bundle/models/M0.onnx",
  "model_sha256": "c3102764b6ab3bf9f5c8984b7cbdb80b581458db1e668d1e6d9e88df25ce5154",
  "performance_targets": {
    "aspirational": {
      "met_on_this_host": true,
      "min_fps": 10.0,
      "p95_end_to_end_ms": 100.0
    },
    "measured_on_pi": false,
    "note": "targets are Pi targets (DESIGN §11); the _on_this_host flags are diagnostic only -- not a Pi verdict until Phase F (§12.4).",
    "p95_end_to_end_ms": 48.3547407,
    "primary": {
      "met_on_this_host": true,
      "min_fps": 5.0,
      "p95_end_to_end_ms": 200.0
    }
  },
  "pipeline_config": {
    "cpu_arena": "on",
    "decode_reduction": 1,
    "graph_optimization": "all",
    "intra_op_threads": 1,
    "preprocess": "fused"
  },
  "provenance": "DESIGN §12.4: a latency number is a Pi result only when measured ON a Pi. Measured on any other host -- gx10 natively or under QEMU -- this is a smoke check of the timing path, never a performance claim.",
  "schema_version": 1,
  "stages_ms": {
    "decode": {
      "max": 6.064013,
      "mean": 6.016909370000001,
      "min": 5.995791,
      "p50": 6.0164670000000005,
      "p95": 6.03156765,
      "p99": 6.04694019
    },
    "end_to_end": {
      "max": 48.82035,
      "mean": 48.23457064000001,
      "min": 48.024404,
      "p50": 48.225645,
      "p95": 48.3547407,
      "p99": 48.42537682
    },
    "inference": {
      "max": 41.814889,
      "mean": 41.213002516666684,
      "min": 40.99811,
      "p50": 41.205555,
      "p95": 41.3294258,
      "p99": 41.41783915
    },
    "policy": {
      "max": 0.014148,
      "mean": 0.0032701233333333325,
      "min": 0.002852,
      "p50": 0.003148,
      "p95": 0.003482,
      "p99": 0.004033929999999936
    },
    "preprocess": {
      "max": 1.045669,
      "mean": 1.0011356533333338,
      "min": 0.980465,
      "p50": 1.0009195,
      "p95": 1.01332395,
      "p99": 1.02723763
    }
  },
  "system": {
    "cpu_frequency_khz": 2400000,
    "cpu_temperature_c": 43.55,
    "peak_rss_kib": 98836,
    "system_cpu_seconds": 0.105984,
    "throttling": "unavailable",
    "user_cpu_seconds": 15.526755
  },
  "warmup_iterations": 20
}
