{
  "environment": {
    "cpu_features": "asimd,asimddp",
    "looks_like_pi5": true,
    "onnxruntime_version": "1.27.0"
  },
  "fps": {
    "end_to_end_from_p50": 20.309503221732037,
    "inference_from_p50": 23.718556087832898
  },
  "image": "/opt/bundle/data/images/5858bfa6-23d2-11e8-a6a3-ec086b02610b.jpg",
  "intra_op_threads": 1,
  "measured_iterations": 300,
  "model": "/opt/bundle/models/M0.onnx",
  "model_sha256": "c3102764b6ab3bf9f5c8984b7cbdb80b581458db1e668d1e6d9e88df25ce5154",
  "performance_targets": {
    "aspirational": {
      "met_on_this_host": true,
      "min_fps": 10.0,
      "p95_end_to_end_ms": 100.0
    },
    "measured_on_pi": false,
    "note": "targets are Pi targets (DESIGN §11); the _on_this_host flags are diagnostic only -- not a Pi verdict until Phase F (§12.4).",
    "p95_end_to_end_ms": 49.394408299999995,
    "primary": {
      "met_on_this_host": true,
      "min_fps": 5.0,
      "p95_end_to_end_ms": 200.0
    }
  },
  "pipeline_config": {
    "cpu_arena": "on",
    "decode_reduction": 1,
    "graph_optimization": "extended",
    "intra_op_threads": 1,
    "preprocess": "fused"
  },
  "provenance": "DESIGN §12.4: a latency number is a Pi result only when measured ON a Pi. Measured on any other host -- gx10 natively or under QEMU -- this is a smoke check of the timing path, never a performance claim.",
  "schema_version": 1,
  "stages_ms": {
    "decode": {
      "max": 6.066902,
      "mean": 6.019918326666671,
      "min": 5.995495,
      "p50": 6.0193095,
      "p95": 6.03536685,
      "p99": 6.0499385199999995
    },
    "end_to_end": {
      "max": 49.735979,
      "mean": 49.244970336666654,
      "min": 49.06033,
      "p50": 49.2380335,
      "p95": 49.394408299999995,
      "p99": 49.46599844
    },
    "inference": {
      "max": 42.659204,
      "mean": 42.17240968666663,
      "min": 41.992999,
      "p50": 42.1610825,
      "p95": 42.3218193,
      "p99": 42.4022886
    },
    "policy": {
      "max": 0.003722,
      "mean": 0.0031318833333333304,
      "min": 0.002537,
      "p50": 0.00313,
      "p95": 0.003445,
      "p99": 0.0035551899999999997
    },
    "preprocess": {
      "max": 1.140687,
      "mean": 1.0491174599999995,
      "min": 1.028095,
      "p50": 1.0468725,
      "p95": 1.06530915,
      "p99": 1.08679901
    }
  },
  "system": {
    "cpu_frequency_khz": 2400000,
    "cpu_temperature_c": 46.85,
    "peak_rss_kib": 99088,
    "system_cpu_seconds": 0.106986,
    "throttling": "unavailable",
    "user_cpu_seconds": 15.849001
  },
  "warmup_iterations": 20
}
