{
  "environment": {
    "cpu_features": "asimd,asimddp",
    "looks_like_pi5": true,
    "onnxruntime_version": "1.27.0"
  },
  "fps": {
    "end_to_end_from_p50": 46.95359995950722,
    "inference_from_p50": 70.32768198834923
  },
  "image": "/opt/bundle/data/images/5858bfa6-23d2-11e8-a6a3-ec086b02610b.jpg",
  "intra_op_threads": 1,
  "measured_iterations": 300,
  "model": "/opt/bundle/models/M2.onnx",
  "model_sha256": "499bc3ecb30853b8592fc6077af706d26026fc2eb08ee12512fd2f4706d45ecc",
  "performance_targets": {
    "aspirational": {
      "met_on_this_host": true,
      "min_fps": 10.0,
      "p95_end_to_end_ms": 100.0
    },
    "measured_on_pi": false,
    "note": "targets are Pi targets (DESIGN §11); the _on_this_host flags are diagnostic only -- not a Pi verdict until Phase F (§12.4).",
    "p95_end_to_end_ms": 21.346297250000003,
    "primary": {
      "met_on_this_host": true,
      "min_fps": 5.0,
      "p95_end_to_end_ms": 200.0
    }
  },
  "pipeline_config": {
    "cpu_arena": "on",
    "decode_reduction": 1,
    "graph_optimization": "all",
    "intra_op_threads": 1,
    "preprocess": "fused"
  },
  "provenance": "DESIGN §12.4: a latency number is a Pi result only when measured ON a Pi. Measured on any other host -- gx10 natively or under QEMU -- this is a smoke check of the timing path, never a performance claim.",
  "schema_version": 1,
  "stages_ms": {
    "decode": {
      "max": 6.123587,
      "mean": 6.04977967,
      "min": 6.021588,
      "p50": 6.0493005,
      "p95": 6.064400699999999,
      "p99": 6.10299203
    },
    "end_to_end": {
      "max": 21.414381,
      "mean": 21.29782395333331,
      "min": 21.236325,
      "p50": 21.297621499999998,
      "p95": 21.346297250000003,
      "p99": 21.3825657
    },
    "inference": {
      "max": 14.328161,
      "mean": 14.219310699999996,
      "min": 14.148254,
      "p50": 14.219152000000001,
      "p95": 14.26469665,
      "p99": 14.297558669999999
    },
    "policy": {
      "max": 0.011093,
      "mean": 0.00326125,
      "min": 0.002777,
      "p50": 0.003204,
      "p95": 0.003648,
      "p99": 0.0037593799999999997
    },
    "preprocess": {
      "max": 1.12041,
      "mean": 1.0251331866666655,
      "min": 1.003428,
      "p50": 1.023456,
      "p95": 1.0394687,
      "p99": 1.05070164
    }
  },
  "system": {
    "cpu_frequency_khz": 2400000,
    "cpu_temperature_c": 43.55,
    "peak_rss_kib": 91220,
    "system_cpu_seconds": 0.275905,
    "throttling": "unavailable",
    "user_cpu_seconds": 6.694712
  },
  "warmup_iterations": 20
}
