{
  "environment": {
    "cpu_features": "asimd,asimddp",
    "looks_like_pi5": true,
    "onnxruntime_version": "1.27.0"
  },
  "fps": {
    "end_to_end_from_p50": 30.730273292617564,
    "inference_from_p50": 39.544215742010536
  },
  "image": "/opt/bundle/data/images/5858bfa6-23d2-11e8-a6a3-ec086b02610b.jpg",
  "intra_op_threads": 3,
  "measured_iterations": 300,
  "model": "/opt/bundle/models/M0.onnx",
  "model_sha256": "c3102764b6ab3bf9f5c8984b7cbdb80b581458db1e668d1e6d9e88df25ce5154",
  "performance_targets": {
    "aspirational": {
      "met_on_this_host": true,
      "min_fps": 10.0,
      "p95_end_to_end_ms": 100.0
    },
    "measured_on_pi": false,
    "note": "targets are Pi targets (DESIGN §11); the _on_this_host flags are diagnostic only -- not a Pi verdict until Phase F (§12.4).",
    "p95_end_to_end_ms": 32.90304675,
    "primary": {
      "met_on_this_host": true,
      "min_fps": 5.0,
      "p95_end_to_end_ms": 200.0
    }
  },
  "pipeline_config": {
    "cpu_arena": "on",
    "decode_reduction": 1,
    "graph_optimization": "all",
    "intra_op_threads": 3,
    "preprocess": "fused"
  },
  "provenance": "DESIGN §12.4: a latency number is a Pi result only when measured ON a Pi. Measured on any other host -- gx10 natively or under QEMU -- this is a smoke check of the timing path, never a performance claim.",
  "schema_version": 1,
  "stages_ms": {
    "decode": {
      "max": 6.231662,
      "mean": 6.061063229999995,
      "min": 6.026162,
      "p50": 6.056291,
      "p95": 6.0978221999999995,
      "p99": 6.12480604
    },
    "end_to_end": {
      "max": 33.522852,
      "mean": 32.50981137000001,
      "min": 31.123106,
      "p50": 32.541201,
      "p95": 32.90304675,
      "p99": 33.219202589999995
    },
    "inference": {
      "max": 26.236206,
      "mean": 25.25479503666665,
      "min": 23.945127,
      "p50": 25.2881485,
      "p95": 25.64112855,
      "p99": 25.951561820000002
    },
    "policy": {
      "max": 0.031667,
      "mean": 0.003238993333333335,
      "min": 0.002611,
      "p50": 0.003037,
      "p95": 0.0033719,
      "p99": 0.003840929999999858
    },
    "preprocess": {
      "max": 1.290892,
      "mean": 1.190288386666667,
      "min": 1.030743,
      "p50": 1.1966225,
      "p95": 1.2236362,
      "p99": 1.23914374
    }
  },
  "system": {
    "cpu_frequency_khz": 2400000,
    "cpu_temperature_c": 50.15,
    "peak_rss_kib": 98944,
    "system_cpu_seconds": 0.155932,
    "throttling": "unavailable",
    "user_cpu_seconds": 31.262426
  },
  "warmup_iterations": 20
}
