{
  "environment": {
    "cpu_features": "asimd,asimddp",
    "looks_like_pi5": true,
    "onnxruntime_version": "1.27.0"
  },
  "fps": {
    "end_to_end_from_p50": 27.916148432450335,
    "inference_from_p50": 35.03056662151694
  },
  "image": "/opt/bundle/data/images/5858bfa6-23d2-11e8-a6a3-ec086b02610b.jpg",
  "intra_op_threads": 2,
  "measured_iterations": 300,
  "model": "/opt/bundle/models/M0.onnx",
  "model_sha256": "c3102764b6ab3bf9f5c8984b7cbdb80b581458db1e668d1e6d9e88df25ce5154",
  "performance_targets": {
    "aspirational": {
      "met_on_this_host": true,
      "min_fps": 10.0,
      "p95_end_to_end_ms": 100.0
    },
    "measured_on_pi": false,
    "note": "targets are Pi targets (DESIGN §11); the _on_this_host flags are diagnostic only -- not a Pi verdict until Phase F (§12.4).",
    "p95_end_to_end_ms": 36.0817399,
    "primary": {
      "met_on_this_host": true,
      "min_fps": 5.0,
      "p95_end_to_end_ms": 200.0
    }
  },
  "pipeline_config": {
    "cpu_arena": "on",
    "decode_reduction": 1,
    "graph_optimization": "all",
    "intra_op_threads": 2,
    "preprocess": "fused"
  },
  "provenance": "DESIGN §12.4: a latency number is a Pi result only when measured ON a Pi. Measured on any other host -- gx10 natively or under QEMU -- this is a smoke check of the timing path, never a performance claim.",
  "schema_version": 1,
  "stages_ms": {
    "decode": {
      "max": 6.128625,
      "mean": 6.030798886666671,
      "min": 5.997513,
      "p50": 6.029532,
      "p95": 6.04861065,
      "p99": 6.08580143
    },
    "end_to_end": {
      "max": 37.341379,
      "mean": 35.81219554999997,
      "min": 34.714613,
      "p50": 35.821560500000004,
      "p95": 36.0817399,
      "p99": 36.2941981
    },
    "inference": {
      "max": 30.088863,
      "mean": 28.545949883333343,
      "min": 27.496783,
      "p50": 28.546498,
      "p95": 28.82034955,
      "p99": 29.0444213
    },
    "policy": {
      "max": 0.003741,
      "mean": 0.002949206666666668,
      "min": 0.002537,
      "p50": 0.002926,
      "p95": 0.0032618000000000005,
      "p99": 0.0034459199999999995
    },
    "preprocess": {
      "max": 1.282169,
      "mean": 1.2320226000000005,
      "min": 1.130632,
      "p50": 1.232679,
      "p95": 1.25743265,
      "p99": 1.2773554900000001
    }
  },
  "system": {
    "cpu_frequency_khz": 2400000,
    "cpu_temperature_c": 46.85,
    "peak_rss_kib": 98888,
    "system_cpu_seconds": 0.123969,
    "throttling": "unavailable",
    "user_cpu_seconds": 23.011363
  },
  "warmup_iterations": 20
}
