{
  "environment": {
    "cpu_features": "asimd,asimddp",
    "looks_like_pi5": true,
    "onnxruntime_version": "1.27.0"
  },
  "fps": {
    "end_to_end_from_p50": 21.74424813266105,
    "inference_from_p50": 24.037013250631905
  },
  "image": "/opt/bundle/data/images/5858bfa6-23d2-11e8-a6a3-ec086b02610b.jpg",
  "intra_op_threads": 1,
  "measured_iterations": 300,
  "model": "/opt/bundle/models/M0.onnx",
  "model_sha256": "c3102764b6ab3bf9f5c8984b7cbdb80b581458db1e668d1e6d9e88df25ce5154",
  "performance_targets": {
    "aspirational": {
      "met_on_this_host": true,
      "min_fps": 10.0,
      "p95_end_to_end_ms": 100.0
    },
    "measured_on_pi": false,
    "note": "targets are Pi targets (DESIGN §11); the _on_this_host flags are diagnostic only -- not a Pi verdict until Phase F (§12.4).",
    "p95_end_to_end_ms": 46.102601449999995,
    "primary": {
      "met_on_this_host": true,
      "min_fps": 5.0,
      "p95_end_to_end_ms": 200.0
    }
  },
  "pipeline_config": {
    "cpu_arena": "on",
    "decode_reduction": 2,
    "graph_optimization": "all",
    "intra_op_threads": 1,
    "preprocess": "fused"
  },
  "provenance": "DESIGN §12.4: a latency number is a Pi result only when measured ON a Pi. Measured on any other host -- gx10 natively or under QEMU -- this is a smoke check of the timing path, never a performance claim.",
  "schema_version": 1,
  "stages_ms": {
    "decode": {
      "max": 3.826119,
      "mean": 3.7892100933333297,
      "min": 3.767508,
      "p50": 3.789406,
      "p95": 3.8019387,
      "p99": 3.8150703
    },
    "end_to_end": {
      "max": 46.208489,
      "mean": 45.994899766666684,
      "min": 45.85184,
      "p50": 45.9891735,
      "p95": 46.102601449999995,
      "p99": 46.18304174
    },
    "inference": {
      "max": 41.811961,
      "mean": 41.60686218333337,
      "min": 41.459442,
      "p50": 41.602506500000004,
      "p95": 41.7176053,
      "p99": 41.784884270000006
    },
    "policy": {
      "max": 0.003537,
      "mean": 0.003125893333333334,
      "min": 0.002704,
      "p50": 0.003111,
      "p95": 0.0034089000000000003,
      "p99": 0.003518
    },
    "preprocess": {
      "max": 0.62039,
      "mean": 0.5954580533333332,
      "min": 0.574446,
      "p50": 0.595011,
      "p95": 0.60726745,
      "p99": 0.6143407399999999
    }
  },
  "system": {
    "cpu_frequency_khz": 2400000,
    "cpu_temperature_c": 47.4,
    "peak_rss_kib": 96532,
    "system_cpu_seconds": 0.087983,
    "throttling": "unavailable",
    "user_cpu_seconds": 14.824171
  },
  "warmup_iterations": 20
}
