{
  "environment": {
    "cpu_features": "asimd,asimddp",
    "looks_like_pi5": true,
    "onnxruntime_version": "1.27.0"
  },
  "fps": {
    "end_to_end_from_p50": 20.898980077524765,
    "inference_from_p50": 24.57572952070053
  },
  "image": "/opt/bundle/data/images/5858bfa6-23d2-11e8-a6a3-ec086b02610b.jpg",
  "intra_op_threads": 1,
  "measured_iterations": 300,
  "model": "/opt/bundle/models/M0.onnx",
  "model_sha256": "c3102764b6ab3bf9f5c8984b7cbdb80b581458db1e668d1e6d9e88df25ce5154",
  "performance_targets": {
    "aspirational": {
      "met_on_this_host": true,
      "min_fps": 10.0,
      "p95_end_to_end_ms": 100.0
    },
    "measured_on_pi": false,
    "note": "targets are Pi targets (DESIGN §11); the _on_this_host flags are diagnostic only -- not a Pi verdict until Phase F (§12.4).",
    "p95_end_to_end_ms": 47.9967166,
    "primary": {
      "met_on_this_host": true,
      "min_fps": 5.0,
      "p95_end_to_end_ms": 200.0
    }
  },
  "pipeline_config": {
    "cpu_arena": "off",
    "decode_reduction": 1,
    "graph_optimization": "all",
    "intra_op_threads": 1,
    "preprocess": "fused"
  },
  "provenance": "DESIGN §12.4: a latency number is a Pi result only when measured ON a Pi. Measured on any other host -- gx10 natively or under QEMU -- this is a smoke check of the timing path, never a performance claim.",
  "schema_version": 1,
  "stages_ms": {
    "decode": {
      "max": 6.088662,
      "mean": 6.0157548300000006,
      "min": 5.95868,
      "p50": 6.0106985,
      "p95": 6.05550605,
      "p99": 6.06620511
    },
    "end_to_end": {
      "max": 48.15492,
      "mean": 47.85559926666668,
      "min": 47.690881,
      "p50": 47.849225000000004,
      "p95": 47.9967166,
      "p99": 48.06437381
    },
    "inference": {
      "max": 40.975515,
      "mean": 40.70026189666665,
      "min": 40.567478,
      "p50": 40.690552,
      "p95": 40.82207975,
      "p99": 40.9008373
    },
    "policy": {
      "max": 0.012426,
      "mean": 0.0031247833333333335,
      "min": 0.002686,
      "p50": 0.0030555,
      "p95": 0.003333,
      "p99": 0.0035442299999999937
    },
    "preprocess": {
      "max": 1.239281,
      "mean": 1.1359583100000004,
      "min": 1.109021,
      "p50": 1.1358545,
      "p95": 1.15121065,
      "p99": 1.15916349
    }
  },
  "system": {
    "cpu_frequency_khz": 2400000,
    "cpu_temperature_c": 46.85,
    "peak_rss_kib": 100116,
    "system_cpu_seconds": 0.102987,
    "throttling": "unavailable",
    "user_cpu_seconds": 15.416113
  },
  "warmup_iterations": 20
}
