{
  "environment": {
    "cpu_features": "asimd,asimddp",
    "looks_like_pi5": true,
    "onnxruntime_version": "1.27.0"
  },
  "fps": {
    "end_to_end_from_p50": 57.01828684793959,
    "inference_from_p50": 96.69617221433558
  },
  "image": "/opt/bundle/data/images/5858bfa6-23d2-11e8-a6a3-ec086b02610b.jpg",
  "intra_op_threads": 1,
  "measured_iterations": 300,
  "model": "/opt/bundle/models/M4.onnx",
  "model_sha256": "2c9d53b41fcf88c3a1df1a986a8ceccc5fe8f96965bcf8a46d4f2a7d9bc770da",
  "performance_targets": {
    "aspirational": {
      "met_on_this_host": true,
      "min_fps": 10.0,
      "p95_end_to_end_ms": 100.0
    },
    "measured_on_pi": false,
    "note": "targets are Pi targets (DESIGN §11); the _on_this_host flags are diagnostic only -- not a Pi verdict until Phase F (§12.4).",
    "p95_end_to_end_ms": 17.60485685,
    "primary": {
      "met_on_this_host": true,
      "min_fps": 5.0,
      "p95_end_to_end_ms": 200.0
    }
  },
  "pipeline_config": {
    "cpu_arena": "on",
    "decode_reduction": 1,
    "graph_optimization": "all",
    "intra_op_threads": 1,
    "preprocess": "fused"
  },
  "provenance": "DESIGN §12.4: a latency number is a Pi result only when measured ON a Pi. Measured on any other host -- gx10 natively or under QEMU -- this is a smoke check of the timing path, never a performance claim.",
  "schema_version": 1,
  "stages_ms": {
    "decode": {
      "max": 6.148551,
      "mean": 6.076749443333332,
      "min": 6.041772,
      "p50": 6.0748005,
      "p95": 6.093792400000001,
      "p99": 6.1280577
    },
    "end_to_end": {
      "max": 17.740262,
      "mean": 17.54008736999999,
      "min": 17.436835,
      "p50": 17.538232999999998,
      "p95": 17.60485685,
      "p99": 17.64963826
    },
    "inference": {
      "max": 10.53956,
      "mean": 10.343351413333336,
      "min": 10.230023,
      "p50": 10.341671,
      "p95": 10.410279800000001,
      "p99": 10.45009762
    },
    "policy": {
      "max": 0.004389,
      "mean": 0.0035571233333333324,
      "min": 0.00287,
      "p50": 0.003546,
      "p95": 0.004037,
      "p99": 0.004203939999999999
    },
    "preprocess": {
      "max": 1.233244,
      "mean": 1.1159136866666672,
      "min": 1.089003,
      "p50": 1.115577,
      "p95": 1.130632,
      "p99": 1.1417152700000002
    }
  },
  "system": {
    "cpu_frequency_khz": 2400000,
    "cpu_temperature_c": 43.0,
    "peak_rss_kib": 84180,
    "system_cpu_seconds": 0.255903,
    "throttling": "unavailable",
    "user_cpu_seconds": 5.502933
  },
  "warmup_iterations": 20
}
