{
  "environment": {
    "cpu_features": "asimd,asimddp",
    "looks_like_pi5": true,
    "onnxruntime_version": "1.27.0"
  },
  "fps": {
    "end_to_end_from_p50": 20.65794800037106,
    "inference_from_p50": 24.211390522259908
  },
  "image": "/opt/bundle/data/images/5858bfa6-23d2-11e8-a6a3-ec086b02610b.jpg",
  "intra_op_threads": 1,
  "measured_iterations": 300,
  "model": "/opt/bundle/models/M0.onnx",
  "model_sha256": "c3102764b6ab3bf9f5c8984b7cbdb80b581458db1e668d1e6d9e88df25ce5154",
  "performance_targets": {
    "aspirational": {
      "met_on_this_host": true,
      "min_fps": 10.0,
      "p95_end_to_end_ms": 100.0
    },
    "measured_on_pi": false,
    "note": "targets are Pi targets (DESIGN §11); the _on_this_host flags are diagnostic only -- not a Pi verdict until Phase F (§12.4).",
    "p95_end_to_end_ms": 48.72263815,
    "primary": {
      "met_on_this_host": true,
      "min_fps": 5.0,
      "p95_end_to_end_ms": 200.0
    }
  },
  "pipeline_config": {
    "cpu_arena": "on",
    "decode_reduction": 1,
    "graph_optimization": "all",
    "intra_op_threads": 1,
    "preprocess": "fused"
  },
  "provenance": "DESIGN §12.4: a latency number is a Pi result only when measured ON a Pi. Measured on any other host -- gx10 natively or under QEMU -- this is a smoke check of the timing path, never a performance claim.",
  "schema_version": 1,
  "stages_ms": {
    "decode": {
      "max": 6.233272,
      "mean": 6.065235333333334,
      "min": 6.033013,
      "p50": 6.0578185,
      "p95": 6.13078405,
      "p99": 6.145737219999999
    },
    "end_to_end": {
      "max": 54.699744,
      "mean": 48.497910096666665,
      "min": 48.192879,
      "p50": 48.407518499999995,
      "p95": 48.72263815,
      "p99": 50.71276222
    },
    "inference": {
      "max": 47.275765,
      "mean": 41.392802780000025,
      "min": 41.08379,
      "p50": 41.302873500000004,
      "p95": 41.61263665,
      "p99": 43.62411923
    },
    "policy": {
      "max": 0.015982,
      "mean": 0.0034051799999999964,
      "min": 0.002963,
      "p50": 0.003297,
      "p95": 0.003685,
      "p99": 0.003855329999999997
    },
    "preprocess": {
      "max": 1.186318,
      "mean": 1.0361332033333335,
      "min": 1.016594,
      "p50": 1.0328629999999999,
      "p95": 1.05447475,
      "p99": 1.1164526999999997
    }
  },
  "system": {
    "cpu_frequency_khz": 2400000,
    "cpu_temperature_c": 46.3,
    "peak_rss_kib": 98836,
    "system_cpu_seconds": 0.111983,
    "throttling": "unavailable",
    "user_cpu_seconds": 15.601631
  },
  "warmup_iterations": 20
}
