{
  "environment": {
    "cpu_features": "asimd,asimddp",
    "looks_like_pi5": true,
    "onnxruntime_version": "1.27.0"
  },
  "fps": {
    "end_to_end_from_p50": 69.32781724244516,
    "inference_from_p50": 135.6820253744383
  },
  "image": "/opt/bundle/data/images/5858bfa6-23d2-11e8-a6a3-ec086b02610b.jpg",
  "intra_op_threads": 4,
  "measured_iterations": 300,
  "model": "/opt/bundle/models/M4.onnx",
  "model_sha256": "2c9d53b41fcf88c3a1df1a986a8ceccc5fe8f96965bcf8a46d4f2a7d9bc770da",
  "performance_targets": {
    "aspirational": {
      "met_on_this_host": true,
      "min_fps": 10.0,
      "p95_end_to_end_ms": 100.0
    },
    "measured_on_pi": false,
    "note": "targets are Pi targets (DESIGN §11); the _on_this_host flags are diagnostic only -- not a Pi verdict until Phase F (§12.4).",
    "p95_end_to_end_ms": 14.5889287,
    "primary": {
      "met_on_this_host": true,
      "min_fps": 5.0,
      "p95_end_to_end_ms": 200.0
    }
  },
  "pipeline_config": {
    "cpu_arena": "on",
    "decode_reduction": 1,
    "graph_optimization": "all",
    "intra_op_threads": 4,
    "preprocess": "fused"
  },
  "provenance": "DESIGN §12.4: a latency number is a Pi result only when measured ON a Pi. Measured on any other host -- gx10 natively or under QEMU -- this is a smoke check of the timing path, never a performance claim.",
  "schema_version": 1,
  "stages_ms": {
    "decode": {
      "max": 6.398569,
      "mean": 6.049726530000001,
      "min": 6.010254,
      "p50": 6.0453645,
      "p95": 6.07606715,
      "p99": 6.10747977
    },
    "end_to_end": {
      "max": 14.92829,
      "mean": 14.437866350000007,
      "min": 14.284752,
      "p50": 14.424224500000001,
      "p95": 14.5889287,
      "p99": 14.67334467
    },
    "inference": {
      "max": 7.80709,
      "mean": 7.381539843333333,
      "min": 7.181014,
      "p50": 7.370172999999999,
      "p95": 7.53459745,
      "p99": 7.62159012
    },
    "policy": {
      "max": 0.004352,
      "mean": 0.0035852833333333317,
      "min": 0.002926,
      "p50": 0.003574,
      "p95": 0.0041499,
      "p99": 0.004315
    },
    "preprocess": {
      "max": 1.051909,
      "mean": 1.0027221000000008,
      "min": 0.980354,
      "p50": 1.0013535,
      "p95": 1.01852235,
      "p99": 1.0434744
    }
  },
  "system": {
    "cpu_frequency_khz": 2400000,
    "cpu_temperature_c": 55.65,
    "peak_rss_kib": 84272,
    "system_cpu_seconds": 0.362779,
    "throttling": "unavailable",
    "user_cpu_seconds": 18.294892
  },
  "warmup_iterations": 20
}
