{
  "environment": {
    "cpu_features": "asimd,asimddp",
    "looks_like_pi5": true,
    "onnxruntime_version": "1.27.0"
  },
  "fps": {
    "end_to_end_from_p50": 57.86063987155863,
    "inference_from_p50": 99.77493269557196
  },
  "image": "/opt/bundle/data/images/5858bfa6-23d2-11e8-a6a3-ec086b02610b.jpg",
  "intra_op_threads": 1,
  "measured_iterations": 300,
  "model": "/opt/bundle/models/M4.onnx",
  "model_sha256": "2c9d53b41fcf88c3a1df1a986a8ceccc5fe8f96965bcf8a46d4f2a7d9bc770da",
  "performance_targets": {
    "aspirational": {
      "met_on_this_host": true,
      "min_fps": 10.0,
      "p95_end_to_end_ms": 100.0
    },
    "measured_on_pi": false,
    "note": "targets are Pi targets (DESIGN §11); the _on_this_host flags are diagnostic only -- not a Pi verdict until Phase F (§12.4).",
    "p95_end_to_end_ms": 17.41074695,
    "primary": {
      "met_on_this_host": true,
      "min_fps": 5.0,
      "p95_end_to_end_ms": 200.0
    }
  },
  "pipeline_config": {
    "cpu_arena": "on",
    "decode_reduction": 1,
    "graph_optimization": "all",
    "intra_op_threads": 1,
    "preprocess": "fused"
  },
  "provenance": "DESIGN §12.4: a latency number is a Pi result only when measured ON a Pi. Measured on any other host -- gx10 natively or under QEMU -- this is a smoke check of the timing path, never a performance claim.",
  "schema_version": 1,
  "stages_ms": {
    "decode": {
      "max": 6.289643,
      "mean": 6.143831123333328,
      "min": 6.101809,
      "p50": 6.133513,
      "p95": 6.2285654500000005,
      "p99": 6.25463012
    },
    "end_to_end": {
      "max": 17.587055,
      "mean": 17.301198653333348,
      "min": 17.206054,
      "p50": 17.282906,
      "p95": 17.41074695,
      "p99": 17.45001018
    },
    "inference": {
      "max": 10.250984,
      "mean": 10.034774039999999,
      "min": 9.964576,
      "p50": 10.0225575,
      "p95": 10.12609595,
      "p99": 10.17226675
    },
    "policy": {
      "max": 0.005648,
      "mean": 0.004319130000000002,
      "min": 0.003056,
      "p50": 0.004333,
      "p95": 0.0050009,
      "p99": 0.00524119
    },
    "preprocess": {
      "max": 1.224114,
      "mean": 1.1177029533333338,
      "min": 1.080762,
      "p50": 1.1180765,
      "p95": 1.1306519000000002,
      "p99": 1.1562142199999998
    }
  },
  "system": {
    "cpu_frequency_khz": 2400000,
    "cpu_temperature_c": 50.15,
    "peak_rss_kib": 84180,
    "system_cpu_seconds": 0.260895,
    "throttling": "unavailable",
    "user_cpu_seconds": 5.424833
  },
  "warmup_iterations": 20
}
