{
  "environment": {
    "cpu_features": "asimd,asimddp",
    "looks_like_pi5": true,
    "onnxruntime_version": "1.27.0"
  },
  "fps": {
    "end_to_end_from_p50": 72.39939560984546,
    "inference_from_p50": 149.91683363654013
  },
  "image": "/opt/bundle/data/images/5858bfa6-23d2-11e8-a6a3-ec086b02610b.jpg",
  "intra_op_threads": 3,
  "measured_iterations": 300,
  "model": "/opt/bundle/models/M4.onnx",
  "model_sha256": "2c9d53b41fcf88c3a1df1a986a8ceccc5fe8f96965bcf8a46d4f2a7d9bc770da",
  "performance_targets": {
    "aspirational": {
      "met_on_this_host": true,
      "min_fps": 10.0,
      "p95_end_to_end_ms": 100.0
    },
    "measured_on_pi": false,
    "note": "targets are Pi targets (DESIGN §11); the _on_this_host flags are diagnostic only -- not a Pi verdict until Phase F (§12.4).",
    "p95_end_to_end_ms": 14.084910149999999,
    "primary": {
      "met_on_this_host": true,
      "min_fps": 5.0,
      "p95_end_to_end_ms": 200.0
    }
  },
  "pipeline_config": {
    "cpu_arena": "on",
    "decode_reduction": 1,
    "graph_optimization": "all",
    "intra_op_threads": 3,
    "preprocess": "fused"
  },
  "provenance": "DESIGN §12.4: a latency number is a Pi result only when measured ON a Pi. Measured on any other host -- gx10 natively or under QEMU -- this is a smoke check of the timing path, never a performance claim.",
  "schema_version": 1,
  "stages_ms": {
    "decode": {
      "max": 6.174439,
      "mean": 6.059081226666663,
      "min": 6.037198,
      "p50": 6.0570125,
      "p95": 6.0752332000000004,
      "p99": 6.10904736
    },
    "end_to_end": {
      "max": 14.440678,
      "mean": 13.844453569999999,
      "min": 13.697195,
      "p50": 13.81227,
      "p95": 14.084910149999999,
      "p99": 14.16957664
    },
    "inference": {
      "max": 7.307404,
      "mean": 6.69617231333333,
      "min": 6.407661,
      "p50": 6.670365,
      "p95": 6.9406372,
      "p99": 7.02619707
    },
    "policy": {
      "max": 0.004982,
      "mean": 0.003359973333333331,
      "min": 0.002778,
      "p50": 0.003334,
      "p95": 0.003907,
      "p99": 0.00407401
    },
    "preprocess": {
      "max": 1.500651,
      "mean": 1.0853923999999995,
      "min": 1.061447,
      "p50": 1.0823075,
      "p95": 1.1007471500000001,
      "p99": 1.14551903
    }
  },
  "system": {
    "cpu_frequency_khz": 2400000,
    "cpu_temperature_c": 54.0,
    "peak_rss_kib": 84160,
    "system_cpu_seconds": 0.272101,
    "throttling": "unavailable",
    "user_cpu_seconds": 13.195929
  },
  "warmup_iterations": 20
}
