{
  "environment": {
    "cpu_features": "asimd,asimddp",
    "looks_like_pi5": true,
    "onnxruntime_version": "1.27.0"
  },
  "fps": {
    "end_to_end_from_p50": 47.06893947513332,
    "inference_from_p50": 70.84730722669102
  },
  "image": "/opt/bundle/data/images/5858bfa6-23d2-11e8-a6a3-ec086b02610b.jpg",
  "intra_op_threads": 4,
  "measured_iterations": 300,
  "model": "/opt/bundle/models/M2.onnx",
  "model_sha256": "499bc3ecb30853b8592fc6077af706d26026fc2eb08ee12512fd2f4706d45ecc",
  "performance_targets": {
    "aspirational": {
      "met_on_this_host": true,
      "min_fps": 10.0,
      "p95_end_to_end_ms": 100.0
    },
    "measured_on_pi": false,
    "note": "targets are Pi targets (DESIGN §11); the _on_this_host flags are diagnostic only -- not a Pi verdict until Phase F (§12.4).",
    "p95_end_to_end_ms": 21.42017495,
    "primary": {
      "met_on_this_host": true,
      "min_fps": 5.0,
      "p95_end_to_end_ms": 200.0
    }
  },
  "pipeline_config": {
    "cpu_arena": "on",
    "decode_reduction": 1,
    "graph_optimization": "all",
    "intra_op_threads": 4,
    "preprocess": "fused"
  },
  "provenance": "DESIGN §12.4: a latency number is a Pi result only when measured ON a Pi. Measured on any other host -- gx10 natively or under QEMU -- this is a smoke check of the timing path, never a performance claim.",
  "schema_version": 1,
  "stages_ms": {
    "decode": {
      "max": 6.317383,
      "mean": 6.076516599999999,
      "min": 6.034771,
      "p50": 6.0637255,
      "p95": 6.15907695,
      "p99": 6.27903719
    },
    "end_to_end": {
      "max": 21.535804,
      "mean": 21.261324970000008,
      "min": 21.099266,
      "p50": 21.245433,
      "p95": 21.42017495,
      "p99": 21.497739040000003
    },
    "inference": {
      "max": 14.431271,
      "mean": 14.126678399999998,
      "min": 13.862806,
      "p50": 14.114862500000001,
      "p95": 14.27392335,
      "p99": 14.374620299999998
    },
    "policy": {
      "max": 0.004481,
      "mean": 0.003626623333333332,
      "min": 0.002722,
      "p50": 0.003648,
      "p95": 0.004185950000000001,
      "p99": 0.004389
    },
    "preprocess": {
      "max": 1.292873,
      "mean": 1.054094813333333,
      "min": 1.032169,
      "p50": 1.050187,
      "p95": 1.0785229,
      "p99": 1.1522084599999995
    }
  },
  "system": {
    "cpu_frequency_khz": 2400000,
    "cpu_temperature_c": 54.55,
    "peak_rss_kib": 91252,
    "system_cpu_seconds": 0.557565,
    "throttling": "unavailable",
    "user_cpu_seconds": 26.813108
  },
  "warmup_iterations": 20
}
