{
  "environment": {
    "cpu_features": "asimd,asimddp",
    "looks_like_pi5": true,
    "onnxruntime_version": "1.27.0"
  },
  "fps": {
    "end_to_end_from_p50": 69.76179764432547,
    "inference_from_p50": 140.31064496173238
  },
  "image": "/opt/bundle/data/images/5858bfa6-23d2-11e8-a6a3-ec086b02610b.jpg",
  "intra_op_threads": 2,
  "measured_iterations": 300,
  "model": "/opt/bundle/models/M4.onnx",
  "model_sha256": "2c9d53b41fcf88c3a1df1a986a8ceccc5fe8f96965bcf8a46d4f2a7d9bc770da",
  "performance_targets": {
    "aspirational": {
      "met_on_this_host": true,
      "min_fps": 10.0,
      "p95_end_to_end_ms": 100.0
    },
    "measured_on_pi": false,
    "note": "targets are Pi targets (DESIGN §11); the _on_this_host flags are diagnostic only -- not a Pi verdict until Phase F (§12.4).",
    "p95_end_to_end_ms": 14.4788076,
    "primary": {
      "met_on_this_host": true,
      "min_fps": 5.0,
      "p95_end_to_end_ms": 200.0
    }
  },
  "pipeline_config": {
    "cpu_arena": "on",
    "decode_reduction": 1,
    "graph_optimization": "all",
    "intra_op_threads": 2,
    "preprocess": "fused"
  },
  "provenance": "DESIGN §12.4: a latency number is a Pi result only when measured ON a Pi. Measured on any other host -- gx10 natively or under QEMU -- this is a smoke check of the timing path, never a performance claim.",
  "schema_version": 1,
  "stages_ms": {
    "decode": {
      "max": 6.179235,
      "mean": 6.091932296666663,
      "min": 6.054475,
      "p50": 6.086252999999999,
      "p95": 6.1517669,
      "p99": 6.16501882
    },
    "end_to_end": {
      "max": 14.567401,
      "mean": 14.344983193333343,
      "min": 14.24164,
      "p50": 14.334493,
      "p95": 14.4788076,
      "p99": 14.54859563
    },
    "inference": {
      "max": 7.3417,
      "mean": 7.136033059999998,
      "min": 7.052033,
      "p50": 7.1270430000000005,
      "p95": 7.2571109,
      "p99": 7.32409104
    },
    "policy": {
      "max": 0.016241,
      "mean": 0.003749773333333335,
      "min": 0.002815,
      "p50": 0.0037035,
      "p95": 0.00433305,
      "p99": 0.00448218
    },
    "preprocess": {
      "max": 1.216021,
      "mean": 1.1129556466666672,
      "min": 1.087836,
      "p50": 1.1128355,
      "p95": 1.12729895,
      "p99": 1.1420485299999996
    }
  },
  "system": {
    "cpu_frequency_khz": 2400000,
    "cpu_temperature_c": 50.7,
    "peak_rss_kib": 84144,
    "system_cpu_seconds": 0.258944,
    "throttling": "unavailable",
    "user_cpu_seconds": 9.088069
  },
  "warmup_iterations": 20
}
