{
  "environment": {
    "cpu_features": "asimd,asimddp",
    "looks_like_pi5": true,
    "onnxruntime_version": "1.27.0"
  },
  "fps": {
    "end_to_end_from_p50": 46.90010254707422,
    "inference_from_p50": 70.83671047350516
  },
  "image": "/opt/bundle/data/images/5858bfa6-23d2-11e8-a6a3-ec086b02610b.jpg",
  "intra_op_threads": 1,
  "measured_iterations": 300,
  "model": "/opt/bundle/models/M2.onnx",
  "model_sha256": "499bc3ecb30853b8592fc6077af706d26026fc2eb08ee12512fd2f4706d45ecc",
  "performance_targets": {
    "aspirational": {
      "met_on_this_host": true,
      "min_fps": 10.0,
      "p95_end_to_end_ms": 100.0
    },
    "measured_on_pi": false,
    "note": "targets are Pi targets (DESIGN §11); the _on_this_host flags are diagnostic only -- not a Pi verdict until Phase F (§12.4).",
    "p95_end_to_end_ms": 21.44832725,
    "primary": {
      "met_on_this_host": true,
      "min_fps": 5.0,
      "p95_end_to_end_ms": 200.0
    }
  },
  "pipeline_config": {
    "cpu_arena": "on",
    "decode_reduction": 1,
    "graph_optimization": "all",
    "intra_op_threads": 1,
    "preprocess": "fused"
  },
  "provenance": "DESIGN §12.4: a latency number is a Pi result only when measured ON a Pi. Measured on any other host -- gx10 natively or under QEMU -- this is a smoke check of the timing path, never a performance claim.",
  "schema_version": 1,
  "stages_ms": {
    "decode": {
      "max": 6.220476,
      "mean": 6.104677516666664,
      "min": 6.04379,
      "p50": 6.100957,
      "p95": 6.1783049,
      "p99": 6.20079566
    },
    "end_to_end": {
      "max": 21.541044,
      "mean": 21.323532373333347,
      "min": 21.035192,
      "p50": 21.321915,
      "p95": 21.44832725,
      "p99": 21.5103036
    },
    "inference": {
      "max": 14.363067,
      "mean": 14.125462273333342,
      "min": 13.893251,
      "p50": 14.116973999999999,
      "p95": 14.26806705,
      "p99": 14.32681848
    },
    "policy": {
      "max": 0.004389,
      "mean": 0.0033112399999999996,
      "min": 0.002704,
      "p50": 0.003296,
      "p95": 0.0037789000000000004,
      "p99": 0.00407419
    },
    "preprocess": {
      "max": 1.174391,
      "mean": 1.0895342766666665,
      "min": 1.046854,
      "p50": 1.0887425,
      "p95": 1.1208068500000001,
      "p99": 1.1521688499999998
    }
  },
  "system": {
    "cpu_frequency_khz": 2400000,
    "cpu_temperature_c": 49.05,
    "peak_rss_kib": 90580,
    "system_cpu_seconds": 0.278945,
    "throttling": "unavailable",
    "user_cpu_seconds": 6.700693
  },
  "warmup_iterations": 20
}
