{
  "environment": {
    "cpu_features": "asimd,asimddp",
    "looks_like_pi5": true,
    "onnxruntime_version": "1.27.0"
  },
  "fps": {
    "end_to_end_from_p50": 27.8999469956807,
    "inference_from_p50": 35.053765728778046
  },
  "image": "/opt/bundle/data/images/5858bfa6-23d2-11e8-a6a3-ec086b02610b.jpg",
  "intra_op_threads": 2,
  "measured_iterations": 300,
  "model": "/opt/bundle/models/M0.onnx",
  "model_sha256": "c3102764b6ab3bf9f5c8984b7cbdb80b581458db1e668d1e6d9e88df25ce5154",
  "performance_targets": {
    "aspirational": {
      "met_on_this_host": true,
      "min_fps": 10.0,
      "p95_end_to_end_ms": 100.0
    },
    "measured_on_pi": false,
    "note": "targets are Pi targets (DESIGN §11); the _on_this_host flags are diagnostic only -- not a Pi verdict until Phase F (§12.4).",
    "p95_end_to_end_ms": 36.136570150000004,
    "primary": {
      "met_on_this_host": true,
      "min_fps": 5.0,
      "p95_end_to_end_ms": 200.0
    }
  },
  "pipeline_config": {
    "cpu_arena": "on",
    "decode_reduction": 1,
    "graph_optimization": "all",
    "intra_op_threads": 2,
    "preprocess": "fused"
  },
  "provenance": "DESIGN §12.4: a latency number is a Pi result only when measured ON a Pi. Measured on any other host -- gx10 natively or under QEMU -- this is a smoke check of the timing path, never a performance claim.",
  "schema_version": 1,
  "stages_ms": {
    "decode": {
      "max": 6.147328,
      "mean": 6.0527761233333335,
      "min": 6.021642,
      "p50": 6.0437069999999995,
      "p95": 6.11283265,
      "p99": 6.1319593
    },
    "end_to_end": {
      "max": 37.771356,
      "mean": 35.852327259999974,
      "min": 35.375778,
      "p50": 35.842361999999994,
      "p95": 36.136570150000004,
      "p99": 36.27736609
    },
    "inference": {
      "max": 30.464804,
      "mean": 28.539668950000006,
      "min": 28.06954,
      "p50": 28.5276055,
      "p95": 28.82242985,
      "p99": 28.97228241
    },
    "policy": {
      "max": 0.003629,
      "mean": 0.0030908200000000024,
      "min": 0.002778,
      "p50": 0.0030555,
      "p95": 0.00337185,
      "p99": 0.0035181899999999996
    },
    "preprocess": {
      "max": 1.338169,
      "mean": 1.256485649999999,
      "min": 1.211058,
      "p50": 1.2557155,
      "p95": 1.2789138,
      "p99": 1.31380863
    }
  },
  "system": {
    "cpu_frequency_khz": 2400000,
    "cpu_temperature_c": 48.5,
    "peak_rss_kib": 98888,
    "system_cpu_seconds": 0.132967,
    "throttling": "unavailable",
    "user_cpu_seconds": 23.025414
  },
  "warmup_iterations": 20
}
