{
  "environment": {
    "cpu_features": "asimd,asimddp",
    "looks_like_pi5": true,
    "onnxruntime_version": "1.27.0"
  },
  "fps": {
    "end_to_end_from_p50": 27.321801575006234,
    "inference_from_p50": 34.03882369518084
  },
  "image": "/opt/bundle/data/images/5858bfa6-23d2-11e8-a6a3-ec086b02610b.jpg",
  "intra_op_threads": 4,
  "measured_iterations": 300,
  "model": "/opt/bundle/models/M0.onnx",
  "model_sha256": "c3102764b6ab3bf9f5c8984b7cbdb80b581458db1e668d1e6d9e88df25ce5154",
  "performance_targets": {
    "aspirational": {
      "met_on_this_host": true,
      "min_fps": 10.0,
      "p95_end_to_end_ms": 100.0
    },
    "measured_on_pi": false,
    "note": "targets are Pi targets (DESIGN §11); the _on_this_host flags are diagnostic only -- not a Pi verdict until Phase F (§12.4).",
    "p95_end_to_end_ms": 39.0659687,
    "primary": {
      "met_on_this_host": true,
      "min_fps": 5.0,
      "p95_end_to_end_ms": 200.0
    }
  },
  "pipeline_config": {
    "cpu_arena": "on",
    "decode_reduction": 1,
    "graph_optimization": "all",
    "intra_op_threads": 4,
    "preprocess": "fused"
  },
  "provenance": "DESIGN §12.4: a latency number is a Pi result only when measured ON a Pi. Measured on any other host -- gx10 natively or under QEMU -- this is a smoke check of the timing path, never a performance claim.",
  "schema_version": 1,
  "stages_ms": {
    "decode": {
      "max": 6.465698,
      "mean": 6.138347140000001,
      "min": 6.050605,
      "p50": 6.101291,
      "p95": 6.40591885,
      "p99": 6.45143812
    },
    "end_to_end": {
      "max": 39.566267,
      "mean": 36.588921320000004,
      "min": 35.403259,
      "p50": 36.6008075,
      "p95": 39.0659687,
      "p99": 39.409193959999996
    },
    "inference": {
      "max": 31.942344,
      "mean": 29.32956424999998,
      "min": 28.169911,
      "p50": 29.3782185,
      "p95": 31.44514925,
      "p99": 31.805604629999998
    },
    "policy": {
      "max": 0.138092,
      "mean": 0.003812366666666661,
      "min": 0.002704,
      "p50": 0.003185,
      "p95": 0.003574,
      "p99": 0.01942243999999999
    },
    "preprocess": {
      "max": 1.322355,
      "mean": 1.1167879166666668,
      "min": 1.039946,
      "p50": 1.1171135,
      "p95": 1.1730376500000002,
      "p99": 1.2770427
    }
  },
  "system": {
    "cpu_frequency_khz": 2400000,
    "cpu_temperature_c": 54.55,
    "peak_rss_kib": 99124,
    "system_cpu_seconds": 0.177779,
    "throttling": "unavailable",
    "user_cpu_seconds": 46.741004
  },
  "warmup_iterations": 20
}
