{
  "teacher_val": 0.915599999332428,
  "fixed_alpha": 0.5,
  "fixed_temp": 4.0,
  "epochs": 10,
  "temperature_sweep": [
    [
      1,
      0.8880000003814698
    ],
    [
      2,
      0.8888000001907349
    ],
    [
      4,
      0.8900000003814698
    ],
    [
      8,
      0.8912000003814697
    ]
  ],
  "alpha_sweep": [
    [
      0.0,
      0.8916000003814697
    ],
    [
      0.3,
      0.8918000003814698
    ],
    [
      0.5,
      0.8904000003814697
    ],
    [
      0.7,
      0.8894000003814697
    ],
    [
      1.0,
      0.8894000003814697
    ]
  ],
  "ce_only_val": 0.8894000003814697
}