{
  "positives": "atrw_detection",
  "method": "linear_probe_head",
  "scaling": {
    "1": {
      "auc": [
        0.9716984160658582,
        0.018161564028953168
      ],
      "ap": [
        0.9353964318893521,
        0.04145048249874188
      ],
      "f2opt_f2": [
        0.8949702890043352,
        0.0436976697510251
      ],
      "ff_recall": [
        0.8656419529837253,
        0.09410224847693907
      ],
      "ff_precision": [
        0.8544624805275381,
        0.019948876800093183
      ],
      "ff_fpr": [
        0.05009310986964619,
        0.004966247657099841
      ],
      "ff_f2": [
        0.8622042727489945,
        0.07875087000860223
      ]
    },
    "5": {
      "auc": [
        0.9948802480235901,
        0.003995135051188945
      ],
      "ap": [
        0.9893826476206442,
        0.00649681380534877
      ],
      "f2opt_f2": [
        0.958178376673519,
        0.014041542129134726
      ],
      "ff_recall": [
        0.978481012658228,
        0.015396213277564762
      ],
      "ff_precision": [
        0.8701031781761153,
        0.012010520332106749
      ],
      "ff_fpr": [
        0.050217256362507755,
        0.005435929660814755
      ],
      "ff_f2": [
        0.9546258787498905,
        0.012065056218884285
      ]
    },
    "10": {
      "auc": [
        0.9972659709524144,
        0.00200681360519905
      ],
      "ap": [
        0.9939211960129848,
        0.003749907277549881
      ],
      "f2opt_f2": [
        0.9690692482387513,
        0.013088236922088973
      ],
      "ff_recall": [
        0.9866184448462929,
        0.010139490610398694
      ],
      "ff_precision": [
        0.8681921138596052,
        0.010634232525094415
      ],
      "ff_fpr": [
        0.05145872129112352,
        0.004615595641221924
      ],
      "ff_f2": [
        0.9603888233787947,
        0.008896115761395769
      ]
    },
    "20": {
      "auc": [
        0.9983244713391095,
        0.0010548868082841279
      ],
      "ap": [
        0.995900264451374,
        0.002294264941044846
      ],
      "f2opt_f2": [
        0.9726080064595122,
        0.010448753950373651
      ],
      "ff_recall": [
        0.9913200723327306,
        0.007790473500375408
      ],
      "ff_precision": [
        0.8695032581770056,
        0.007152763508484962
      ],
      "ff_fpr": [
        0.05108628181253879,
        0.0030668204412254807
      ],
      "ff_f2": [
        0.9642882380092755,
        0.00684717952258683
      ]
    },
    "50": {
      "auc": [
        0.9995033017803685,
        0.0005094609286849688
      ],
      "ap": [
        0.9986650503460183,
        0.0012536329251358052
      ],
      "f2opt_f2": [
        0.9860381123939795,
        0.009133836388193275
      ],
      "ff_recall": [
        0.9983725135623869,
        0.0032799922508529996
      ],
      "ff_precision": [
        0.8713916799727073,
        0.004509467021595623
      ],
      "ff_fpr": [
        0.0505896958410925,
        0.002025719288898911
      ],
      "ff_f2": [
        0.9700938751043401,
        0.002828040677050656
      ]
    }
  }
}