{
  "positives": "atrw_reid",
  "method": "linear_probe_head",
  "scaling": {
    "1": {
      "auc": [
        0.9973771082277677,
        0.0026312170687219126
      ],
      "ap": [
        0.9920265867176464,
        0.010131600879759674
      ],
      "f2opt_f2": [
        0.9845033353902206,
        0.0049834899878843705
      ],
      "ff_recall": [
        0.9995581737849779,
        0.0009430227153803866
      ],
      "ff_precision": [
        0.890159788298291,
        0.01253758118072788
      ],
      "ff_fpr": [
        0.0520794537554314,
        0.006711091172499767
      ],
      "ff_f2": [
        0.9755453176504668,
        0.0030801830628524643
      ]
    },
    "5": {
      "auc": [
        0.9996088197032733,
        0.0004129745600856095
      ],
      "ap": [
        0.9990230317896188,
        0.0010595976948805104
      ],
      "f2opt_f2": [
        0.9921496481965766,
        0.0032386817078929797
      ],
      "ff_recall": [
        1.0,
        0.0
      ],
      "ff_precision": [
        0.881278309548531,
        0.011350383576967838
      ],
      "ff_fpr": [
        0.05685909373060212,
        0.0061836918214337785
      ],
      "ff_f2": [
        0.9737359295554491,
        0.0027797897307934426
      ]
    },
    "10": {
      "auc": [
        0.9999018163966618,
        5.651445870229983e-05
      ],
      "ap": [
        0.9997676403511931,
        0.00013630125209635954
      ],
      "f2opt_f2": [
        0.9941050761602508,
        0.0007338046310788573
      ],
      "ff_recall": [
        1.0,
        0.0
      ],
      "ff_precision": [
        0.8812522483785546,
        0.002356182401161662
      ],
      "ff_fpr": [
        0.056797020484171325,
        0.0012796727577956744
      ],
      "ff_f2": [
        0.9737562560748453,
        0.0005756850680507737
      ]
    },
    "20": {
      "auc": [
        0.9999412178240723,
        2.3680953309863298e-05
      ],
      "ap": [
        0.9998619987391036,
        5.5816419570199326e-05
      ],
      "f2opt_f2": [
        0.994455219097078,
        0.000929992503658503
      ],
      "ff_recall": [
        1.0,
        0.0
      ],
      "ff_precision": [
        0.8793337716007399,
        0.00494650405082513
      ],
      "ff_fpr": [
        0.05785226567349473,
        0.0027028604664279627
      ],
      "ff_f2": [
        0.9732828643440075,
        0.001214293198285465
      ]
    },
    "50": {
      "auc": [
        0.9999561190599605,
        1.9500259178827525e-05
      ],
      "ap": [
        0.9998974867988755,
        4.54528187174678e-05
      ],
      "f2opt_f2": [
        0.9950409003468497,
        0.0010168543298359222
      ],
      "ff_recall": [
        1.0,
        0.0
      ],
      "ff_precision": [
        0.8747881457567912,
        0.0034512735586801633
      ],
      "ff_fpr": [
        0.06033519553072626,
        0.0018990761689358603
      ],
      "ff_f2": [
        0.9721672888698528,
        0.0008518607928589571
      ]
    }
  }
}