{
  "setting": "ATRW tiger (detection whole-frames) vs CCT cis_val_clean background; test held out once",
  "A1_prototype": {
    "K1": {
      "auc": 0.9162061123626785,
      "f2opt": 0.8052096331393992,
      "ff5_recall": 0.6945750452079567
    },
    "K5": {
      "auc": 0.9708167065708965,
      "f2opt": 0.8724766734491982,
      "ff5_recall": 0.8618444846292947
    },
    "K10": {
      "auc": 0.9742561032144513,
      "f2opt": 0.8876428973353635,
      "ff5_recall": 0.8862567811934902
    },
    "K20": {
      "auc": 0.9752561784207353,
      "f2opt": 0.8832646716257605,
      "ff5_recall": 0.8840867992766727
    },
    "K50": {
      "auc": 0.9759239989987462,
      "f2opt": 0.8850797392086671,
      "ff5_recall": 0.8802893309222423
    }
  },
  "A2_head": {
    "K1": {
      "auc": 0.9716984160658582,
      "f2opt": 0.8949702890043352,
      "ff5_recall": 0.8656419529837253
    },
    "K5": {
      "auc": 0.9948802480235901,
      "f2opt": 0.958178376673519,
      "ff5_recall": 0.978481012658228
    },
    "K10": {
      "auc": 0.9972659709524144,
      "f2opt": 0.9690692482387513,
      "ff5_recall": 0.9866184448462929
    },
    "K20": {
      "auc": 0.9983244713391095,
      "f2opt": 0.9726080064595122,
      "ff5_recall": 0.9913200723327306
    },
    "K50": {
      "auc": 0.9995033017803685,
      "f2opt": 0.9860381123939795,
      "ff5_recall": 0.9983725135623869
    }
  },
  "A3_distill": {
    "tiger_labels_used": 0,
    "teacher_auc": 0.9565296453069595,
    "student_auc": 0.99526761651081,
    "student_f2opt": 0.9632224168126094,
    "student_ff5_recall": 0.9945750452079566
  },
  "felid_probe_A1_K10": 0.9523665147101817
}