{
  "positives": "atrw_reid",
  "seed": 0,
  "n_pos_total": 3392,
  "n_pos_pool": 2035,
  "n_pos_val": 678,
  "n_pos_test": 679,
  "n_neg_val": 1603,
  "n_neg_test": 1611,
  "neg_test_label_dist": {
    "rabbit": 196,
    "squirrel": 103,
    "empty": 498,
    "opossum": 237,
    "raccoon": 83,
    "dog": 64,
    "car": 21,
    "coyote": 129,
    "bird": 30,
    "bobcat": 72,
    "skunk": 14,
    "cat": 95,
    "badger": 1,
    "rodent": 68
  },
  "scaling": {
    "1": {
      "n_support": 1,
      "reps": 10,
      "auc": [
        0.9919703364845333,
        0.0043831376904966655
      ],
      "ap": [
        0.9808129349641288,
        0.011003720465748053
      ],
      "f2opt_f2": [
        0.9525974951954692,
        0.0211934271891625
      ],
      "f2opt_recall": [
        0.9787923416789397,
        0.017202876878290238
      ],
      "f2opt_precision": [
        0.8627827398371928,
        0.05178885910994339
      ],
      "ff_recall": [
        0.9702503681885126,
        0.028173904306917765
      ],
      "ff_precision": [
        0.8805679576055176,
        0.014895727055660465
      ],
      "ff_fpr": [
        0.055493482309124764,
        0.007116529185830671
      ],
      "ff_f2": [
        0.950769170418709,
        0.023463720723954168
      ]
    },
    "5": {
      "n_support": 5,
      "reps": 10,
      "auc": [
        0.9978454458440635,
        0.002030987695406618
      ],
      "ap": [
        0.9951319723823346,
        0.0044803305452090604
      ],
      "f2opt_f2": [
        0.976564041832806,
        0.010919498003916884
      ],
      "f2opt_recall": [
        0.9888070692194404,
        0.007340168361930564
      ],
      "f2opt_precision": [
        0.9315729890760862,
        0.036199058332798774
      ],
      "ff_recall": [
        0.9954344624447717,
        0.006400976086038507
      ],
      "ff_precision": [
        0.8753672386270752,
        0.006617128304858806
      ],
      "ff_fpr": [
        0.05977653631284917,
        0.003826955342470106
      ],
      "ff_f2": [
        0.9688299697813582,
        0.004073008765391644
      ]
    },
    "10": {
      "n_support": 10,
      "reps": 10,
      "auc": [
        0.9992018239844077,
        0.00039631011513478157
      ],
      "ap": [
        0.998123611209274,
        0.0008969225018229257
      ],
      "f2opt_f2": [
        0.9844824687711158,
        0.0036899603757638956
      ],
      "f2opt_recall": [
        0.9936671575846834,
        0.0036700841809652637
      ],
      "f2opt_precision": [
        0.9496447105436265,
        0.016246479911784854
      ],
      "ff_recall": [
        0.9994108983799705,
        0.0007214991878595492
      ],
      "ff_precision": [
        0.8778025052000753,
        0.005664917257750941
      ],
      "ff_fpr": [
        0.05865921787709498,
        0.0031067644335796905
      ],
      "ff_f2": [
        0.9724588264283295,
        0.0013467752091660908
      ]
    },
    "20": {
      "n_support": 20,
      "reps": 10,
      "auc": [
        0.9993189312431378,
        0.0003190221863422441
      ],
      "ap": [
        0.9983811918121337,
        0.0007358343181444822
      ],
      "f2opt_f2": [
        0.9865986590632069,
        0.0022067511829242164
      ],
      "f2opt_recall": [
        0.995139911634757,
        0.003092783505154628
      ],
      "f2opt_precision": [
        0.9540235556849724,
        0.012406377797794554
      ],
      "ff_recall": [
        0.9995581737849779,
        0.0006749006914515205
      ],
      "ff_precision": [
        0.8740713427279033,
        0.004325092002363534
      ],
      "ff_fpr": [
        0.06070763500931099,
        0.0023847762523027368
      ],
      "ff_f2": [
        0.9716546894679864,
        0.0012345466068393307
      ]
    },
    "50": {
      "n_support": 50,
      "reps": 10,
      "auc": [
        0.9995923643507586,
        0.00010306123207698526
      ],
      "ap": [
        0.9990246631470988,
        0.0002542464572824565
      ],
      "f2opt_f2": [
        0.9875755786532858,
        0.002188783724977983
      ],
      "f2opt_recall": [
        0.9932253313696613,
        0.0057115521147762405
      ],
      "f2opt_precision": [
        0.9658877229486797,
        0.013254968774680182
      ],
      "ff_recall": [
        1.0,
        0.0
      ],
      "ff_precision": [
        0.8745836535862956,
        0.005501597623697713
      ],
      "ff_fpr": [
        0.06045934202358784,
        0.003018062267198813
      ],
      "ff_f2": [
        0.9721127553203095,
        0.0013547008462857278
      ]
    }
  },
  "domain_probe": {
    "empty": {
      "n_neg": 498,
      "auc": 0.9976459593898421,
      "ap": 0.9982054958562171,
      "neg_mean": 0.32083210349082947,
      "neg_p95": 0.5145525336265564
    },
    "other_animals": {
      "n_neg": 925,
      "auc": 0.9999522350037814,
      "ap": 0.9999360043799905,
      "neg_mean": 0.2969522774219513,
      "neg_p95": 0.42315179109573364
    },
    "felids(cat+bobcat)": {
      "n_neg": 167,
      "auc": 0.999770708950288,
      "ap": 0.9999427985075149,
      "neg_mean": 0.31319764256477356,
      "neg_p95": 0.3889804780483246
    },
    "tiger_pos": {
      "n": 679,
      "mean": 0.7100260257720947,
      "p05": 0.5936506390571594
    }
  }
}