{
  "positives": "atrw_detection",
  "seed": 0,
  "n_pos_total": 2762,
  "n_pos_pool": 1657,
  "n_pos_val": 552,
  "n_pos_test": 553,
  "n_neg_val": 1603,
  "n_neg_test": 1611,
  "neg_test_label_dist": {
    "rabbit": 196,
    "squirrel": 103,
    "empty": 498,
    "opossum": 237,
    "raccoon": 83,
    "dog": 64,
    "car": 21,
    "coyote": 129,
    "bird": 30,
    "bobcat": 72,
    "skunk": 14,
    "cat": 95,
    "badger": 1,
    "rodent": 68
  },
  "scaling": {
    "1": {
      "n_support": 1,
      "reps": 10,
      "auc": [
        0.9162061123626785,
        0.0460165360480675
      ],
      "ap": [
        0.8400292808021147,
        0.08780232549206014
      ],
      "f2opt_f2": [
        0.8052096331393992,
        0.06194890889318829
      ],
      "f2opt_recall": [
        0.8708860759493671,
        0.050530767546596814
      ],
      "f2opt_precision": [
        0.6316444559924175,
        0.11256456884844172
      ],
      "ff_recall": [
        0.6945750452079567,
        0.13633436559745582
      ],
      "ff_precision": [
        0.8161275434322137,
        0.03969490762008932
      ],
      "ff_fpr": [
        0.05176908752327747,
        0.005532533818785151
      ],
      "ff_f2": [
        0.7134108677702,
        0.12286395743173663
      ]
    },
    "5": {
      "n_support": 5,
      "reps": 10,
      "auc": [
        0.9708167065708965,
        0.009168470144353522
      ],
      "ap": [
        0.940351933949761,
        0.01549751106614142
      ],
      "f2opt_f2": [
        0.8724766734491982,
        0.01928313638647459
      ],
      "f2opt_recall": [
        0.9057866184448462,
        0.03284425718243146
      ],
      "f2opt_precision": [
        0.7680492930912771,
        0.06374548174885494
      ],
      "ff_recall": [
        0.8618444846292947,
        0.028191211963696297
      ],
      "ff_precision": [
        0.8553570137126888,
        0.010072472914131572
      ],
      "ff_fpr": [
        0.05009310986964618,
        0.0045955168265374565
      ],
      "ff_f2": [
        0.8603577480010116,
        0.02229588462583449
      ]
    },
    "10": {
      "n_support": 10,
      "reps": 10,
      "auc": [
        0.9742561032144513,
        0.005355267108800708
      ],
      "ap": [
        0.9474983710528354,
        0.010198035935961507
      ],
      "f2opt_f2": [
        0.8876428973353635,
        0.011201913611059053
      ],
      "f2opt_recall": [
        0.9095840867992766,
        0.014601540136120335
      ],
      "f2opt_precision": [
        0.8129811839574469,
        0.05042286354801154
      ],
      "ff_recall": [
        0.8862567811934902,
        0.019059537248460073
      ],
      "ff_precision": [
        0.8618738955151907,
        0.008273037960293146
      ],
      "ff_fpr": [
        0.04878957169459963,
        0.0035354514874979858
      ],
      "ff_f2": [
        0.8811892499535041,
        0.015155520407378104
      ]
    },
    "20": {
      "n_support": 20,
      "reps": 10,
      "auc": [
        0.9752561784207353,
        0.007523353319489452
      ],
      "ap": [
        0.9491939307216501,
        0.013925309173367796
      ],
      "f2opt_f2": [
        0.8832646716257605,
        0.02124897016066856
      ],
      "f2opt_recall": [
        0.9179023508137432,
        0.02266104911077114
      ],
      "f2opt_precision": [
        0.7741635666216515,
        0.07248203467432676
      ],
      "ff_recall": [
        0.8840867992766727,
        0.02956420630379387
      ],
      "ff_precision": [
        0.8552823892299347,
        0.011515136359756466
      ],
      "ff_fpr": [
        0.05133457479826196,
        0.004201308816640028
      ],
      "ff_f2": [
        0.8780491054594319,
        0.0246029794121994
      ]
    },
    "50": {
      "n_support": 50,
      "reps": 10,
      "auc": [
        0.9759239989987462,
        0.004114367509605852
      ],
      "ap": [
        0.9503229860565658,
        0.0065154273857222465
      ],
      "f2opt_f2": [
        0.8850797392086671,
        0.012973960724807727
      ],
      "f2opt_recall": [
        0.9309222423146475,
        0.027230655311509665
      ],
      "f2opt_precision": [
        0.7447561641836191,
        0.05410787907846464
      ],
      "ff_recall": [
        0.8802893309222423,
        0.01486345214324378
      ],
      "ff_precision": [
        0.8546374967922267,
        0.004588290335139238
      ],
      "ff_fpr": [
        0.05139664804469274,
        0.0018580545682303862
      ],
      "ff_f2": [
        0.8749990377340133,
        0.01209269612718765
      ]
    }
  },
  "domain_probe": {
    "empty": {
      "n_neg": 498,
      "auc": 0.9771636273847653,
      "ap": 0.9812266280172256,
      "neg_mean": 0.32624614238739014,
      "neg_p95": 0.4611661434173584
    },
    "other_animals": {
      "n_neg": 925,
      "auc": 0.9726719124187478,
      "ap": 0.9620349857346293,
      "neg_mean": 0.315009742975235,
      "neg_p95": 0.48503586649894714
    },
    "felids(cat+bobcat)": {
      "n_neg": 167,
      "auc": 0.9523665147101817,
      "ap": 0.9862309697421487,
      "neg_mean": 0.3698064982891083,
      "neg_p95": 0.4913294017314911
    },
    "tiger_pos": {
      "n": 553,
      "mean": 0.625383734703064,
      "p05": 0.4039725661277771
    }
  }
}