{
  "environment": {
    "cpu_features": "asimd,asimddp,sve,sve2,i8mm,bf16",
    "looks_like_pi5": false,
    "onnxruntime_version": "1.27.0"
  },
  "fps": {
    "end_to_end_from_p50": 82.08386976852307,
    "inference_from_p50": 105.92429834023508
  },
  "image": "/work/tests/fixtures/frame_1024x747.jpg",
  "intra_op_threads": 1,
  "measured_iterations": 100,
  "model": "/work/results/a4/artifacts/smoke_mobilenetv2_16.onnx",
  "model_sha256": "36bd179d37ab54cf2a5d946ff0819d12626ea08eb999c5e7ac2d1eb5c08de7b2",
  "provenance": "DESIGN §12.4: a latency number is a Pi result only when measured ON a Pi. Measured on any other host -- gx10 natively or under QEMU -- this is a smoke check of the timing path, never a performance claim.",
  "schema_version": 1,
  "stages_ms": {
    "end_to_end": {
      "max": 14.91673,
      "mean": 12.338963899999996,
      "min": 11.815669,
      "p50": 12.1826615,
      "p95": 12.947751799999999,
      "p99": 14.215683280000004
    },
    "inference": {
      "max": 12.056965,
      "mean": 9.542350780000003,
      "min": 9.127841,
      "p50": 9.4407045,
      "p95": 10.1036684,
      "p99": 10.774034890000006
    },
    "policy": {
      "max": 0.000992,
      "mean": 0.0006761600000000004,
      "min": 0.000496,
      "p50": 0.000672,
      "p95": 0.0008327999999999999,
      "p99": 0.0009286400000000003
    },
    "preprocess": {
      "max": 3.479479,
      "mean": 2.79577136,
      "min": 2.656164,
      "p50": 2.7633010000000002,
      "p95": 2.9560809999999997,
      "p99": 3.44702185
    }
  },
  "system": {
    "cpu_frequency_khz": 2808000,
    "cpu_temperature_c": 44.8,
    "peak_rss_kib": 102560,
    "system_cpu_seconds": 0.047985,
    "throttling": "unavailable",
    "user_cpu_seconds": 1.456551
  },
  "warmup_iterations": 10
}
