{
  "environment": {
    "cpu_features": "asimd,asimddp,sve,sve2,i8mm,bf16",
    "looks_like_pi5": false,
    "onnxruntime_version": "1.27.0"
  },
  "fps": {
    "end_to_end_from_p50": 81.63835108491247,
    "inference_from_p50": 104.98382907834748
  },
  "image": "/work/tests/fixtures/frame_1024x747.jpg",
  "intra_op_threads": 1,
  "measured_iterations": 100,
  "model": "/work/results/a4/artifacts/smoke_mobilenetv2_16.onnx",
  "model_sha256": "36bd179d37ab54cf2a5d946ff0819d12626ea08eb999c5e7ac2d1eb5c08de7b2",
  "provenance": "DESIGN §12.4: a latency number is a Pi result only when measured ON a Pi. Measured on any other host -- gx10 natively or under QEMU -- this is a smoke check of the timing path, never a performance claim.",
  "schema_version": 1,
  "stages_ms": {
    "end_to_end": {
      "max": 15.639645,
      "mean": 12.347678170000002,
      "min": 11.899841,
      "p50": 12.249144999999999,
      "p95": 13.12204625,
      "p99": 13.828723140000008
    },
    "inference": {
      "max": 11.902146,
      "mean": 9.603198800000001,
      "min": 9.273413,
      "p50": 9.5252765,
      "p95": 10.141866199999999,
      "p99": 10.748202990000006
    },
    "policy": {
      "max": 0.00136,
      "mean": 0.0010662400000000002,
      "min": 0.00072,
      "p50": 0.001072,
      "p95": 0.0012648,
      "p99": 0.0013283200000000002
    },
    "preprocess": {
      "max": 3.736187,
      "mean": 2.7432340899999996,
      "min": 2.624013,
      "p50": 2.7153805,
      "p95": 2.8700809499999997,
      "p99": 3.159580310000003
    }
  },
  "system": {
    "cpu_frequency_khz": 2808000,
    "cpu_temperature_c": 46.6,
    "peak_rss_kib": 102376,
    "system_cpu_seconds": 0.05803,
    "throttling": "unavailable",
    "user_cpu_seconds": 1.459763
  },
  "warmup_iterations": 10
}
