{
  "tiger": {
    "argmax": 11,
    "tiger_score": 1.9013986587524414,
    "trigger": true,
    "logits": [
      -15.054715156555176,
      -9.032829284667969,
      -18.40020751953125,
      -7.527357578277588,
      -11.374673843383789,
      0.8363730311393738,
      -9.86920166015625,
      -11.876497268676758,
      -12.21104621887207,
      -2.0072953701019287,
      -24.756641387939453,
      1.5054714679718018,
      -17.731107711791992,
      -11.709222793579102,
      -18.734756469726562,
      -21.912973403930664
    ]
  },
  "cct_empty": {
    "argmax": 7,
    "tiger_score": -5.470633506774902,
    "trigger": false,
    "logits": [
      -7.694632053375244,
      -15.389264106750488,
      -10.705574989318848,
      -5.52006196975708,
      -14.385616302490234,
      -0.167274609208107,
      -7.694632053375244,
      5.52006196975708,
      -5.352787494659424,
      -8.865553855895996,
      -25.0911922454834,
      -9.367378234863281,
      -18.567481994628906,
      -18.232933044433594,
      -27.098485946655273,
      -11.876497268676758
    ]
  },
  "cct_bobcat": {
    "argmax": 7,
    "tiger_score": -5.120614528656006,
    "trigger": false,
    "logits": [
      -8.196455955505371,
      -4.014590740203857,
      -9.701927185058594,
      -4.014590740203857,
      -8.196455955505371,
      -7.360082626342773,
      -3.0109429359436035,
      0.167274609208107,
      -5.854611396789551,
      -9.701927185058594,
      -21.24387550354004,
      -9.701927185058594,
      -18.567481994628906,
      -10.872849464416504,
      -23.418445587158203,
      -11.374673843383789
    ]
  },
  "_threshold": -1.4077337831758707
}