{
  "question": "issue #18: is M0's trans-val gap the recipe or seed 42?",
  "recipe": {
    "width": 256,
    "height": 192,
    "head_epochs": 5,
    "max_epochs": 30,
    "batch_size": 64,
    "head_lr": 0.001,
    "full_lr": 0.0003,
    "weight_decay": 0.0001,
    "early_stopping_patience": 6,
    "amp": true,
    "exclude_empty_class": false
  },
  "std_note": "std is the n-1 sample estimate over n_seeds runs; a three-point std indicates scale, not a distribution",
  "per_seed": [
    {
      "run_id": "c5_m0_fp32_seed17_20260716T173021Z",
      "seed": 17,
      "best_epoch": 11,
      "epochs_trained": 18,
      "selection_score": 0.3736730839731558,
      "at_best": {
        "cis_val_clean": {
          "frame_f2": 0.6130268199233716,
          "sequence_balanced_recall": 0.6666666666666665,
          "event_capture_rate": 0.78,
          "average_precision": 0.6486424648628528
        },
        "trans_val": {
          "frame_f2": 0.13431934802293993,
          "sequence_balanced_recall": 0.11194968553459118,
          "event_capture_rate": 0.19245283018867926,
          "average_precision": 0.5019921566723824
        }
      },
      "trans_f2_trajectory": {
        "phase_b_epochs": 13,
        "min": 0.03730183400683867,
        "max": 0.13431934802293993,
        "values": [
          0.061709348966368406,
          0.03730183400683867,
          0.07219662058371736,
          0.05731102850061957,
          0.12017036811682386,
          0.06031549644293226,
          0.13431934802293993,
          0.08284749923289353,
          0.10806697108066969,
          0.10606060606060608,
          0.11097598054119794,
          0.0558139534883721,
          0.10235258172930034
        ]
      }
    },
    {
      "run_id": "c2_m0_fp32_seed42_20260716T061203Z",
      "seed": 42,
      "best_epoch": 11,
      "epochs_trained": 18,
      "selection_score": 0.3663295163553768,
      "at_best": {
        "cis_val_clean": {
          "frame_f2": 0.6272189349112426,
          "sequence_balanced_recall": 0.7333333333333333,
          "event_capture_rate": 0.86
        },
        "trans_val": {
          "frame_f2": 0.105440097799511,
          "sequence_balanced_recall": 0.08679245283018867,
          "event_capture_rate": 0.18490566037735848
        }
      },
      "trans_f2_trajectory": {
        "phase_b_epochs": 13,
        "min": 0.03732503888024884,
        "max": 0.10862913096695226,
        "values": [
          0.07997539218701939,
          0.0712294828120161,
          0.05256648113790971,
          0.10862913096695226,
          0.06317411402157165,
          0.0725532571781414,
          0.105440097799511,
          0.03732503888024884,
          0.04500310366232154,
          0.04349176762969866,
          0.08583690987124463,
          0.06429883649724433,
          0.07817290006131207
        ]
      }
    },
    {
      "run_id": "c5_m0_fp32_seed73_20260716T174821Z",
      "seed": 73,
      "best_epoch": 12,
      "epochs_trained": 19,
      "selection_score": 0.38720302997244965,
      "at_best": {
        "cis_val_clean": {
          "frame_f2": 0.6715506715506715,
          "sequence_balanced_recall": 0.7599999999999999,
          "event_capture_rate": 0.84,
          "average_precision": 0.6504548393424786
        },
        "trans_val": {
          "frame_f2": 0.10285538839422781,
          "sequence_balanced_recall": 0.08427672955974844,
          "event_capture_rate": 0.1811320754716981,
          "average_precision": 0.6216818303078987
        }
      },
      "trans_f2_trajectory": {
        "phase_b_epochs": 14,
        "min": 0.012523481527864746,
        "max": 0.10285538839422781,
        "values": [
          0.012523481527864746,
          0.06933744221879815,
          0.07515337423312883,
          0.06042764177254416,
          0.06794317479925881,
          0.08464142813173285,
          0.0588235294117647,
          0.10285538839422781,
          0.04201680672268908,
          0.035903840149859506,
          0.041925465838509327,
          0.03894080996884735,
          0.06317411402157165,
          0.05739993794601303
        ]
      }
    }
  ],
  "aggregate": {
    "n_seeds": 3,
    "selection_score": {
      "mean": 0.37573521010032745,
      "std": 0.010588444919052292,
      "min": 0.3663295163553768,
      "max": 0.38720302997244965,
      "values": [
        0.3736730839731558,
        0.3663295163553768,
        0.38720302997244965
      ]
    },
    "trans_f2_max_over_epochs": {
      "mean": 0.11526795579470667,
      "std": 0.016749647315675423,
      "min": 0.10285538839422781,
      "max": 0.13431934802293993,
      "values": [
        0.13431934802293993,
        0.10862913096695226,
        0.10285538839422781
      ]
    },
    "cis_val_clean": {
      "frame_f2": {
        "mean": 0.6372654754617618,
        "std": 0.030528020490992774,
        "min": 0.6130268199233716,
        "max": 0.6715506715506715,
        "values": [
          0.6130268199233716,
          0.6272189349112426,
          0.6715506715506715
        ]
      },
      "sequence_balanced_recall": {
        "mean": 0.7199999999999999,
        "std": 0.048074017006186555,
        "min": 0.6666666666666665,
        "max": 0.7599999999999999,
        "values": [
          0.6666666666666665,
          0.7333333333333333,
          0.7599999999999999
        ]
      },
      "event_capture_rate": {
        "mean": 0.8266666666666667,
        "std": 0.04163331998932263,
        "min": 0.78,
        "max": 0.86,
        "values": [
          0.78,
          0.86,
          0.84
        ]
      }
    },
    "trans_val": {
      "frame_f2": {
        "mean": 0.11420494473889291,
        "std": 0.017467458180353574,
        "min": 0.10285538839422781,
        "max": 0.13431934802293993,
        "values": [
          0.13431934802293993,
          0.105440097799511,
          0.10285538839422781
        ]
      },
      "sequence_balanced_recall": {
        "mean": 0.09433962264150943,
        "std": 0.015302547246033249,
        "min": 0.08427672955974844,
        "max": 0.11194968553459118,
        "values": [
          0.11194968553459118,
          0.08679245283018867,
          0.08427672955974844
        ]
      },
      "event_capture_rate": {
        "mean": 0.1861635220125786,
        "std": 0.005764246157177171,
        "min": 0.1811320754716981,
        "max": 0.19245283018867926,
        "values": [
          0.19245283018867926,
          0.18490566037735848,
          0.1811320754716981
        ]
      }
    }
  }
}
