{
  "target": 0.95,
  "results": {
    "uniform_layer": {
      "sparsity": 0.9500000632578288,
      "val": 0.8832000005722046,
      "test": 0.8813
    },
    "global": {
      "sparsity": 0.9499999578281142,
      "val": 0.9101999995231629,
      "test": 0.8993
    },
    "sensitivity": {
      "sparsity": 0.9499999578281142,
      "val": 0.9101999995231629,
      "test": 0.8994
    }
  }
}