{
  "schedule": [
    0.2752,
    0.4747,
    0.6193,
    0.7241,
    0.8
  ],
  "val_points": [
    [
      0.0,
      0.915599999332428
    ],
    [
      0.2752000212546305,
      0.912599999332428
    ],
    [
      0.47470003137588307,
      0.9143999995231629
    ],
    [
      0.6193000479072623,
      0.9139999999046325
    ],
    [
      0.7241000308698204,
      0.9171999999046325
    ],
    [
      0.8000000421718858,
      0.914799999332428
    ]
  ],
  "val_after_cut": [
    [
      0.2752000212546305,
      0.915599999332428
    ],
    [
      0.47470003137588307,
      0.910599999332428
    ],
    [
      0.6193000479072623,
      0.911399999332428
    ],
    [
      0.7241000308698204,
      0.9062000000953674
    ],
    [
      0.8000000421718858,
      0.8806000003814697
    ]
  ],
  "test": 0.9079,
  "oneshot_test": 0.9072,
  "baseline_test": 0.9071
}