{
  "sparsity": 0.8000000421718858,
  "val_before_ft": 0.6327999998092652,
  "val": 0.9173999999046326,
  "test": 0.9072
}