{
  "curves": {
    "features.0": [
      [
        0.1,
        0.9159999993324279
      ],
      [
        0.2,
        0.9135999997138977
      ],
      [
        0.3,
        0.9069999995231628
      ],
      [
        0.4,
        0.8944000007629395
      ],
      [
        0.5,
        0.8720000007629395
      ],
      [
        0.6,
        0.7984000004768371
      ],
      [
        0.7,
        0.6562000004768371
      ],
      [
        0.8,
        0.4006000003814697
      ],
      [
        0.9,
        0.20620000011920928
      ]
    ],
    "features.4": [
      [
        0.1,
        0.916199999332428
      ],
      [
        0.2,
        0.916199999332428
      ],
      [
        0.3,
        0.916599999332428
      ],
      [
        0.4,
        0.914599999332428
      ],
      [
        0.5,
        0.915199999332428
      ],
      [
        0.6,
        0.911799999332428
      ],
      [
        0.7,
        0.9032000007629395
      ],
      [
        0.8,
        0.8631999998092651
      ],
      [
        0.9,
        0.5224000001907348
      ]
    ],
    "features.8": [
      [
        0.1,
        0.916199999332428
      ],
      [
        0.2,
        0.917199999332428
      ],
      [
        0.3,
        0.916399999332428
      ],
      [
        0.4,
        0.9130000007629394
      ],
      [
        0.5,
        0.9106000005722046
      ],
      [
        0.6,
        0.9068000005722046
      ],
      [
        0.7,
        0.8952000001907349
      ],
      [
        0.8,
        0.8458000008583069
      ],
      [
        0.9,
        0.5541999995231628
      ]
    ],
    "features.11": [
      [
        0.1,
        0.916399999332428
      ],
      [
        0.2,
        0.916399999332428
      ],
      [
        0.3,
        0.9171999995231629
      ],
      [
        0.4,
        0.9147999995231628
      ],
      [
        0.5,
        0.915199999332428
      ],
      [
        0.6,
        0.911799999332428
      ],
      [
        0.7,
        0.9077999993324279
      ],
      [
        0.8,
        0.8832000005722046
      ],
      [
        0.9,
        0.7494
      ]
    ],
    "features.15": [
      [
        0.1,
        0.915199999332428
      ],
      [
        0.2,
        0.915799999332428
      ],
      [
        0.3,
        0.916799999332428
      ],
      [
        0.4,
        0.915599999332428
      ],
      [
        0.5,
        0.915199999332428
      ],
      [
        0.6,
        0.9141999995231629
      ],
      [
        0.7,
        0.9095999995231628
      ],
      [
        0.8,
        0.9019999999046325
      ],
      [
        0.9,
        0.8377999994277954
      ]
    ],
    "features.18": [
      [
        0.1,
        0.915799999332428
      ],
      [
        0.2,
        0.915799999332428
      ],
      [
        0.3,
        0.916399999332428
      ],
      [
        0.4,
        0.915599999332428
      ],
      [
        0.5,
        0.9161999997138977
      ],
      [
        0.6,
        0.9165999995231628
      ],
      [
        0.7,
        0.9137999995231628
      ],
      [
        0.8,
        0.9107999995231628
      ],
      [
        0.9,
        0.8992000007629395
      ]
    ],
    "features.22": [
      [
        0.1,
        0.915799999332428
      ],
      [
        0.2,
        0.915599999332428
      ],
      [
        0.3,
        0.915799999332428
      ],
      [
        0.4,
        0.9159999993324279
      ],
      [
        0.5,
        0.9160000007629394
      ],
      [
        0.6,
        0.9160000007629394
      ],
      [
        0.7,
        0.9149999993324279
      ],
      [
        0.8,
        0.9145999995231628
      ],
      [
        0.9,
        0.9077999993324279
      ]
    ],
    "features.25": [
      [
        0.1,
        0.915799999332428
      ],
      [
        0.2,
        0.915599999332428
      ],
      [
        0.3,
        0.915399999332428
      ],
      [
        0.4,
        0.915399999332428
      ],
      [
        0.5,
        0.9158000007629394
      ],
      [
        0.6,
        0.9156000007629395
      ],
      [
        0.7,
        0.9146000007629395
      ],
      [
        0.8,
        0.9126000007629395
      ],
      [
        0.9,
        0.9095999999046326
      ]
    ],
    "classifier.0": [
      [
        0.1,
        0.915399999332428
      ],
      [
        0.2,
        0.915399999332428
      ],
      [
        0.3,
        0.915199999332428
      ],
      [
        0.4,
        0.915199999332428
      ],
      [
        0.5,
        0.915199999332428
      ],
      [
        0.6,
        0.915199999332428
      ],
      [
        0.7,
        0.9162000007629395
      ],
      [
        0.8,
        0.9162000007629395
      ],
      [
        0.9,
        0.913399999332428
      ]
    ],
    "classifier.3": [
      [
        0.1,
        0.915599999332428
      ],
      [
        0.2,
        0.915599999332428
      ],
      [
        0.3,
        0.915599999332428
      ],
      [
        0.4,
        0.915399999332428
      ],
      [
        0.5,
        0.9159999993324279
      ],
      [
        0.6,
        0.916799999332428
      ],
      [
        0.7,
        0.912599999332428
      ],
      [
        0.8,
        0.910199999332428
      ],
      [
        0.9,
        0.8938000007629394
      ]
    ]
  },
  "sweep": {
    "uniform_layer": [
      [
        0.7999999367421712,
        0.9091999997138978
      ],
      [
        0.9000001265156575,
        0.903399999332428
      ],
      [
        0.9500000632578288,
        0.8866000003814697
      ]
    ],
    "global": [
      [
        0.8000000421718858,
        0.914799999332428
      ],
      [
        0.9000000210859429,
        0.9131999997138978
      ],
      [
        0.9499999578281142,
        0.9065999997138977
      ]
    ],
    "sensitivity": [
      [
        0.8000001476016005,
        0.9133999999046326
      ],
      [
        0.9000000210859429,
        0.9104000000953675
      ],
      [
        0.9499999578281142,
        0.9087999995231628
      ]
    ]
  },
  "sweep_targets": [
    0.8,
    0.9,
    0.95
  ],
  "headline_test": {
    "uniform_layer": 0.905,
    "global": 0.9079,
    "sensitivity": 0.9022
  },
  "headline_sparsity": {
    "uniform_layer": 0.7999999367421712,
    "global": 0.8000000421718858,
    "sensitivity": 0.8000001476016005
  }
}