{
  "base_macs_M": 153.764362,
  "base_params_M": 9.49377,
  "base_val": 0.915599999332428,
  "curves": {
    "features.0": [
      [
        0.1,
        0.9129999993324279
      ],
      [
        0.2,
        0.9047999999046326
      ],
      [
        0.3,
        0.8833999995231628
      ],
      [
        0.4,
        0.8527999994277954
      ],
      [
        0.5,
        0.7810000001907349
      ],
      [
        0.6,
        0.6609999993324279
      ],
      [
        0.7,
        0.466199999666214
      ]
    ],
    "features.4": [
      [
        0.1,
        0.9004000007629395
      ],
      [
        0.2,
        0.8814000007629395
      ],
      [
        0.3,
        0.8058000002861023
      ],
      [
        0.4,
        0.6632000000953674
      ],
      [
        0.5,
        0.5469999997138977
      ],
      [
        0.6,
        0.41019999976158145
      ],
      [
        0.7,
        0.2632
      ]
    ],
    "features.8": [
      [
        0.1,
        0.9089999997138977
      ],
      [
        0.2,
        0.8983999995231629
      ],
      [
        0.3,
        0.8825999993324279
      ],
      [
        0.4,
        0.8437999996185302
      ],
      [
        0.5,
        0.7584000000953675
      ],
      [
        0.6,
        0.6619999999046325
      ],
      [
        0.7,
        0.5362000008583069
      ]
    ],
    "features.11": [
      [
        0.1,
        0.9077999995231628
      ],
      [
        0.2,
        0.9005999995231628
      ],
      [
        0.3,
        0.8864000005722046
      ],
      [
        0.4,
        0.8556000003814698
      ],
      [
        0.5,
        0.7652000005722046
      ],
      [
        0.6,
        0.5970000008583068
      ],
      [
        0.7,
        0.4826000003814697
      ]
    ],
    "features.15": [
      [
        0.1,
        0.9123999995231629
      ],
      [
        0.2,
        0.9115999997138977
      ],
      [
        0.3,
        0.9055999995231628
      ],
      [
        0.4,
        0.8937999997138977
      ],
      [
        0.5,
        0.8827999997138977
      ],
      [
        0.6,
        0.8512000001907348
      ],
      [
        0.7,
        0.7519999998092651
      ]
    ],
    "features.18": [
      [
        0.1,
        0.914199999332428
      ],
      [
        0.2,
        0.9105999997138977
      ],
      [
        0.3,
        0.8991999995231629
      ],
      [
        0.4,
        0.8786000005722046
      ],
      [
        0.5,
        0.8482000004768372
      ],
      [
        0.6,
        0.7948000005722046
      ],
      [
        0.7,
        0.6862
      ]
    ],
    "features.22": [
      [
        0.1,
        0.915199999332428
      ],
      [
        0.2,
        0.9132000007629395
      ],
      [
        0.3,
        0.9036000005722046
      ],
      [
        0.4,
        0.8663999994277954
      ],
      [
        0.5,
        0.8032000007629394
      ],
      [
        0.6,
        0.7336000008583069
      ],
      [
        0.7,
        0.6388
      ]
    ],
    "features.25": [
      [
        0.1,
        0.9146000007629395
      ],
      [
        0.2,
        0.913399999332428
      ],
      [
        0.3,
        0.911799999332428
      ],
      [
        0.4,
        0.9105999995231628
      ],
      [
        0.5,
        0.9033999997138977
      ],
      [
        0.6,
        0.8712
      ],
      [
        0.7,
        0.821600000667572
      ]
    ]
  },
  "profile": {
    "features.0": 0.7999999999999999,
    "features.4": 0.5333333333333333,
    "features.8": 0.7999999999999999,
    "features.11": 0.7999999999999999,
    "features.15": 1.3333333333333333,
    "features.18": 1.0666666666666667,
    "features.22": 1.0666666666666667,
    "features.25": 1.5999999999999999
  },
  "sweep": {
    "uniform": [
      [
        0.6389944374757006,
        0.9124000000953675
      ],
      [
        0.42346003425683254,
        0.9093999995231629
      ],
      [
        0.2540765200196389,
        0.9021999999046326
      ],
      [
        0.12459572394284704,
        0.8902000007629395
      ]
    ],
    "sensitivity": [
      [
        0.6574788896792613,
        0.9108000000953674
      ],
      [
        0.452368013597325,
        0.909399999332428
      ],
      [
        0.28519758043804716,
        0.9066000005722046
      ],
      [
        0.16429435710207024,
        0.893199999332428
      ]
    ]
  },
  "headline": {
    "uniform": {
      "macs_frac": 0.42346003425683254,
      "params_M": 3.995034,
      "val": 0.9093999995231629,
      "test": 0.904
    },
    "sensitivity": {
      "macs_frac": 0.452368013597325,
      "params_M": 3.454964,
      "val": 0.909399999332428,
      "test": 0.8978
    }
  },
  "scales": [
    0.2,
    0.35,
    0.5,
    0.65
  ]
}