{
  "environment": {
    "cpu_features": "asimd,asimddp",
    "looks_like_pi5": true,
    "onnxruntime_version": "1.27.0"
  },
  "fps": {
    "end_to_end_from_p50": 57.28370303853383,
    "inference_from_p50": 97.27244655328948
  },
  "image": "/opt/bundle/data/images/5858bfa6-23d2-11e8-a6a3-ec086b02610b.jpg",
  "intra_op_threads": 1,
  "measured_iterations": 1000,
  "model": "/opt/bundle/models/M4.onnx",
  "model_sha256": "2c9d53b41fcf88c3a1df1a986a8ceccc5fe8f96965bcf8a46d4f2a7d9bc770da",
  "performance_targets": {
    "aspirational": {
      "met_on_this_host": true,
      "min_fps": 10.0,
      "p95_end_to_end_ms": 100.0
    },
    "measured_on_pi": false,
    "note": "targets are Pi targets (DESIGN §11); the _on_this_host flags are diagnostic only -- not a Pi verdict until Phase F (§12.4).",
    "p95_end_to_end_ms": 17.598707450000003,
    "primary": {
      "met_on_this_host": true,
      "min_fps": 5.0,
      "p95_end_to_end_ms": 200.0
    }
  },
  "pipeline_config": {
    "cpu_arena": "on",
    "decode_reduction": 1,
    "graph_optimization": "all",
    "intra_op_threads": 1,
    "preprocess": "fused"
  },
  "provenance": "DESIGN §12.4: a latency number is a Pi result only when measured ON a Pi. Measured on any other host -- gx10 natively or under QEMU -- this is a smoke check of the timing path, never a performance claim.",
  "schema_version": 1,
  "stages_ms": {
    "decode": {
      "max": 6.317595,
      "mean": 6.137072149000001,
      "min": 6.099003,
      "p50": 6.1296235,
      "p95": 6.2076534,
      "p99": 6.228846
    },
    "end_to_end": {
      "max": 17.858195,
      "mean": 17.470004794000015,
      "min": 17.351453,
      "p50": 17.456972,
      "p95": 17.598707450000003,
      "p99": 17.69806293
    },
    "inference": {
      "max": 10.597394,
      "mean": 10.291166122000005,
      "min": 10.176931,
      "p50": 10.280403499999998,
      "p95": 10.4040564,
      "p99": 10.47726548
    },
    "policy": {
      "max": 0.052778,
      "mean": 0.0039949289999999995,
      "min": 0.002945,
      "p50": 0.003907,
      "p95": 0.0045,
      "p99": 0.00490701
    },
    "preprocess": {
      "max": 1.113241,
      "mean": 1.0370815160000002,
      "min": 1.0055,
      "p50": 1.0361205,
      "p95": 1.04988995,
      "p99": 1.09001311
    }
  },
  "system": {
    "cpu_frequency_khz": 2400000,
    "cpu_temperature_c": 47.95,
    "peak_rss_kib": 84240,
    "system_cpu_seconds": 0.662877,
    "throttling": "unavailable",
    "user_cpu_seconds": 17.831708
  },
  "warmup_iterations": 50
}
