{
  "environment": {
    "cpu_features": "asimd,asimddp",
    "looks_like_pi5": true,
    "onnxruntime_version": "1.27.0"
  },
  "fps": {
    "end_to_end_from_p50": 43.69907610102336,
    "inference_from_p50": 63.304166677085476
  },
  "image": "/opt/bundle/data/images/5858bfa6-23d2-11e8-a6a3-ec086b02610b.jpg",
  "intra_op_threads": 1,
  "measured_iterations": 1000,
  "model": "/opt/bundle/models/M2.onnx",
  "model_sha256": "499bc3ecb30853b8592fc6077af706d26026fc2eb08ee12512fd2f4706d45ecc",
  "performance_targets": {
    "aspirational": {
      "met_on_this_host": true,
      "min_fps": 10.0,
      "p95_end_to_end_ms": 100.0
    },
    "measured_on_pi": false,
    "note": "targets are Pi targets (DESIGN §11); the _on_this_host flags are diagnostic only -- not a Pi verdict until Phase F (§12.4).",
    "p95_end_to_end_ms": 22.9685743,
    "primary": {
      "met_on_this_host": true,
      "min_fps": 5.0,
      "p95_end_to_end_ms": 200.0
    }
  },
  "pipeline_config": {
    "cpu_arena": "on",
    "decode_reduction": 1,
    "graph_optimization": "all",
    "intra_op_threads": 1,
    "preprocess": "fused"
  },
  "provenance": "DESIGN §12.4: a latency number is a Pi result only when measured ON a Pi. Measured on any other host -- gx10 natively or under QEMU -- this is a smoke check of the timing path, never a performance claim.",
  "schema_version": 1,
  "stages_ms": {
    "decode": {
      "max": 6.14241,
      "mean": 6.066614683999992,
      "min": 6.032484,
      "p50": 6.065762,
      "p95": 6.0821186,
      "p99": 6.112427729999999
    },
    "end_to_end": {
      "max": 23.163621,
      "mean": 22.88586009799999,
      "min": 22.737196,
      "p50": 22.883778999999997,
      "p95": 22.9685743,
      "p99": 23.00626285
    },
    "inference": {
      "max": 16.102007,
      "mean": 15.798511661000001,
      "min": 15.612415,
      "p50": 15.7967485,
      "p95": 15.88334515,
      "p99": 15.92221715
    },
    "policy": {
      "max": 0.012889,
      "mean": 0.0032244060000000017,
      "min": 0.002556,
      "p50": 0.003185,
      "p95": 0.003629,
      "p99": 0.00383418
    },
    "preprocess": {
      "max": 1.090038,
      "mean": 1.0171924219999986,
      "min": 0.993501,
      "p50": 1.01663,
      "p95": 1.0318016,
      "p99": 1.03939184
    }
  },
  "system": {
    "cpu_frequency_khz": 2400000,
    "cpu_temperature_c": 47.95,
    "peak_rss_kib": 91220,
    "system_cpu_seconds": 0.758893,
    "throttling": "unavailable",
    "user_cpu_seconds": 23.427726
  },
  "warmup_iterations": 50
}
