{
  "environment": {
    "cpu_features": "asimd,asimddp",
    "looks_like_pi5": true,
    "onnxruntime_version": "1.27.0"
  },
  "fps": {
    "end_to_end_from_p50": 20.471972523583023,
    "inference_from_p50": 23.918733328941855
  },
  "image": "/opt/bundle/data/images/5858bfa6-23d2-11e8-a6a3-ec086b02610b.jpg",
  "intra_op_threads": 1,
  "measured_iterations": 1000,
  "model": "/opt/bundle/models/M0.onnx",
  "model_sha256": "c3102764b6ab3bf9f5c8984b7cbdb80b581458db1e668d1e6d9e88df25ce5154",
  "performance_targets": {
    "aspirational": {
      "met_on_this_host": true,
      "min_fps": 10.0,
      "p95_end_to_end_ms": 100.0
    },
    "measured_on_pi": false,
    "note": "targets are Pi targets (DESIGN §11); the _on_this_host flags are diagnostic only -- not a Pi verdict until Phase F (§12.4).",
    "p95_end_to_end_ms": 48.97035995,
    "primary": {
      "met_on_this_host": true,
      "min_fps": 5.0,
      "p95_end_to_end_ms": 200.0
    }
  },
  "pipeline_config": {
    "cpu_arena": "on",
    "decode_reduction": 1,
    "graph_optimization": "all",
    "intra_op_threads": 1,
    "preprocess": "fused"
  },
  "provenance": "DESIGN §12.4: a latency number is a Pi result only when measured ON a Pi. Measured on any other host -- gx10 natively or under QEMU -- this is a smoke check of the timing path, never a performance claim.",
  "schema_version": 1,
  "stages_ms": {
    "decode": {
      "max": 6.095037,
      "mean": 6.030114335999996,
      "min": 5.999926,
      "p50": 6.029287,
      "p95": 6.0438719,
      "p99": 6.061815080000001
    },
    "end_to_end": {
      "max": 49.789279,
      "mean": 48.85246842999998,
      "min": 48.659337,
      "p50": 48.8472715,
      "p95": 48.97035995,
      "p99": 49.06263069
    },
    "inference": {
      "max": 42.753872,
      "mean": 41.81485580999999,
      "min": 41.617262,
      "p50": 41.808234,
      "p95": 41.9350764,
      "p99": 42.020807850000004
    },
    "policy": {
      "max": 0.012963,
      "mean": 0.0031193700000000163,
      "min": 0.002722,
      "p50": 0.003092,
      "p95": 0.003407,
      "p99": 0.00355619
    },
    "preprocess": {
      "max": 1.069351,
      "mean": 1.003995899,
      "min": 0.98013,
      "p50": 1.0035465,
      "p95": 1.0172807499999998,
      "p99": 1.0232044900000001
    }
  },
  "system": {
    "cpu_frequency_khz": 2400000,
    "cpu_temperature_c": 44.65,
    "peak_rss_kib": 98836,
    "system_cpu_seconds": 0.197975,
    "throttling": "unavailable",
    "user_cpu_seconds": 51.29354
  },
  "warmup_iterations": 50
}
