{
  "seeds": [
    0,
    1,
    2
  ],
  "fp32_test": 0.9071,
  "fp32_MB": 37.97508,
  "dense": {
    "uniform": {
      "2": {
        "tests": [
          0.8814,
          0.8799,
          0.883
        ],
        "mean": 0.8814333333333333,
        "std": 0.0012657891697364987,
        "size_MB": 2.40652
      },
      "3": {
        "tests": [
          0.8986,
          0.8987,
          0.8964
        ],
        "mean": 0.8978999999999999,
        "std": 0.0010614455552060593,
        "size_MB": 3.592304
      }
    },
    "mixed": {
      "tests": [
        0.9058,
        0.905,
        0.9047
      ],
      "mean": 0.9051666666666667,
      "std": 0.00046427960923950716,
      "size_MB": 2.979832,
      "avg_bits": 2.483377529469714,
      "pareto_bar": 0.8893947644202767,
      "beats": true
    }
  },
  "prune": {
    "sparsity": 0.8000000421718858,
    "pruned_only_test": 0.9074,
    "uniform": {
      "2": {
        "tests": [
          0.8862,
          0.8807,
          0.8806
        ],
        "mean": 0.8825,
        "std": 0.002616613587572022,
        "size_MB": 1.6951455
      },
      "3": {
        "tests": [
          0.9015,
          0.9021,
          0.9007
        ],
        "mean": 0.9014333333333333,
        "std": 0.0005734883511362023,
        "size_MB": 1.93243025
      }
    },
    "mixed": {
      "tests": [
        0.9048,
        0.9037,
        0.9052
      ],
      "mean": 0.9045666666666667,
      "std": 0.0006342099196813796,
      "size_MB": 1.97320825,
      "avg_bits": 2.479922808580123,
      "pareto_bar": 0.9014333333333333,
      "beats": true
    }
  }
}