{
  "environment": {
    "cpu_features": "asimd,asimddp",
    "looks_like_pi5": true,
    "onnxruntime_version": "1.27.0"
  },
  "fps": {
    "end_to_end_from_p50": 56.80817099191298,
    "inference_from_p50": 95.50162515115521
  },
  "image": "/opt/bundle/data/images/5858bfa6-23d2-11e8-a6a3-ec086b02610b.jpg",
  "intra_op_threads": 1,
  "measured_iterations": 1000,
  "model": "/opt/bundle/models/M4.onnx",
  "model_sha256": "2c9d53b41fcf88c3a1df1a986a8ceccc5fe8f96965bcf8a46d4f2a7d9bc770da",
  "performance_targets": {
    "aspirational": {
      "met_on_this_host": true,
      "min_fps": 10.0,
      "p95_end_to_end_ms": 100.0
    },
    "measured_on_pi": false,
    "note": "targets are Pi targets (DESIGN §11); the _on_this_host flags are diagnostic only -- not a Pi verdict until Phase F (§12.4).",
    "p95_end_to_end_ms": 17.66155355,
    "primary": {
      "met_on_this_host": true,
      "min_fps": 5.0,
      "p95_end_to_end_ms": 200.0
    }
  },
  "pipeline_config": {
    "cpu_arena": "on",
    "decode_reduction": 1,
    "graph_optimization": "all",
    "intra_op_threads": 1,
    "preprocess": "fused"
  },
  "provenance": "DESIGN §12.4: a latency number is a Pi result only when measured ON a Pi. Measured on any other host -- gx10 natively or under QEMU -- this is a smoke check of the timing path, never a performance claim.",
  "schema_version": 1,
  "stages_ms": {
    "decode": {
      "max": 6.173586,
      "mean": 6.091767871000008,
      "min": 6.067994,
      "p50": 6.090475,
      "p95": 6.10908875,
      "p99": 6.14692351
    },
    "end_to_end": {
      "max": 17.746424,
      "mean": 17.60538535300001,
      "min": 17.51548,
      "p50": 17.6031015,
      "p95": 17.66155355,
      "p99": 17.70014841
    },
    "inference": {
      "max": 10.600877,
      "mean": 10.471950680000003,
      "min": 10.387692,
      "p50": 10.471025999999998,
      "p95": 10.524936700000001,
      "p99": 10.557343009999999
    },
    "policy": {
      "max": 0.025982,
      "mean": 0.0036136879999999925,
      "min": 0.002907,
      "p50": 0.003537,
      "p95": 0.004074,
      "p99": 0.004297
    },
    "preprocess": {
      "max": 1.14474,
      "mean": 1.0374388000000005,
      "min": 1.012165,
      "p50": 1.0368225,
      "p95": 1.05101105,
      "p99": 1.06355697
    }
  },
  "system": {
    "cpu_frequency_khz": 2400000,
    "cpu_temperature_c": 47.95,
    "peak_rss_kib": 84180,
    "system_cpu_seconds": 0.707868,
    "throttling": "unavailable",
    "user_cpu_seconds": 17.927675999999998
  },
  "warmup_iterations": 50
}
