{
  "environment": {
    "cpu_features": "asimd,asimddp",
    "looks_like_pi5": true,
    "onnxruntime_version": "1.27.0"
  },
  "fps": {
    "end_to_end_from_p50": 20.163396096608476,
    "inference_from_p50": 23.541796688500234
  },
  "image": "/opt/bundle/data/images/5858bfa6-23d2-11e8-a6a3-ec086b02610b.jpg",
  "intra_op_threads": 1,
  "measured_iterations": 1000,
  "model": "/opt/bundle/models/M0.onnx",
  "model_sha256": "c3102764b6ab3bf9f5c8984b7cbdb80b581458db1e668d1e6d9e88df25ce5154",
  "performance_targets": {
    "aspirational": {
      "met_on_this_host": true,
      "min_fps": 10.0,
      "p95_end_to_end_ms": 100.0
    },
    "measured_on_pi": false,
    "note": "targets are Pi targets (DESIGN §11); the _on_this_host flags are diagnostic only -- not a Pi verdict until Phase F (§12.4).",
    "p95_end_to_end_ms": 49.980229050000005,
    "primary": {
      "met_on_this_host": true,
      "min_fps": 5.0,
      "p95_end_to_end_ms": 200.0
    }
  },
  "pipeline_config": {
    "cpu_arena": "on",
    "decode_reduction": 1,
    "graph_optimization": "all",
    "intra_op_threads": 1,
    "preprocess": "fused"
  },
  "provenance": "DESIGN §12.4: a latency number is a Pi result only when measured ON a Pi. Measured on any other host -- gx10 natively or under QEMU -- this is a smoke check of the timing path, never a performance claim.",
  "schema_version": 1,
  "stages_ms": {
    "decode": {
      "max": 6.199062,
      "mean": 6.078138522000006,
      "min": 6.036359,
      "p50": 6.071654499999999,
      "p95": 6.13739875,
      "p99": 6.15804709
    },
    "end_to_end": {
      "max": 50.657941,
      "mean": 49.57682688299995,
      "min": 48.966506,
      "p50": 49.59482,
      "p95": 49.980229050000005,
      "p99": 50.25498022
    },
    "inference": {
      "max": 43.403047,
      "mean": 42.46368074100004,
      "min": 41.852315,
      "p50": 42.4776415,
      "p95": 42.85609245,
      "p99": 43.11299703
    },
    "policy": {
      "max": 0.017445,
      "mean": 0.0036357979999999987,
      "min": 0.002907,
      "p50": 0.0035745,
      "p95": 0.004037,
      "p99": 0.0042413699999999995
    },
    "preprocess": {
      "max": 1.111554,
      "mean": 1.031069688,
      "min": 0.991924,
      "p50": 1.0301,
      "p95": 1.04579955,
      "p99": 1.07772934
    }
  },
  "system": {
    "cpu_frequency_khz": 2400000,
    "cpu_temperature_c": 47.95,
    "peak_rss_kib": 98836,
    "system_cpu_seconds": 0.239944,
    "throttling": "unavailable",
    "user_cpu_seconds": 52.007936
  },
  "warmup_iterations": 50
}
