{
  "environment": {
    "cpu_features": "asimd,asimddp",
    "looks_like_pi5": true,
    "onnxruntime_version": "1.27.0"
  },
  "fps": {
    "end_to_end_from_p50": 20.6367789768675,
    "inference_from_p50": 24.18627397509757
  },
  "image": "/opt/bundle/data/images/5858bfa6-23d2-11e8-a6a3-ec086b02610b.jpg",
  "intra_op_threads": 1,
  "measured_iterations": 1000,
  "model": "/opt/bundle/models/M0.onnx",
  "model_sha256": "c3102764b6ab3bf9f5c8984b7cbdb80b581458db1e668d1e6d9e88df25ce5154",
  "performance_targets": {
    "aspirational": {
      "met_on_this_host": true,
      "min_fps": 10.0,
      "p95_end_to_end_ms": 100.0
    },
    "measured_on_pi": false,
    "note": "targets are Pi targets (DESIGN §11); the _on_this_host flags are diagnostic only -- not a Pi verdict until Phase F (§12.4).",
    "p95_end_to_end_ms": 48.696924800000005,
    "primary": {
      "met_on_this_host": true,
      "min_fps": 5.0,
      "p95_end_to_end_ms": 200.0
    }
  },
  "pipeline_config": {
    "cpu_arena": "on",
    "decode_reduction": 1,
    "graph_optimization": "all",
    "intra_op_threads": 1,
    "preprocess": "fused"
  },
  "provenance": "DESIGN §12.4: a latency number is a Pi result only when measured ON a Pi. Measured on any other host -- gx10 natively or under QEMU -- this is a smoke check of the timing path, never a performance claim.",
  "schema_version": 1,
  "stages_ms": {
    "decode": {
      "max": 6.442317,
      "mean": 6.052347907999995,
      "min": 6.017438,
      "p50": 6.0462165,
      "p95": 6.10642255,
      "p99": 6.1428
    },
    "end_to_end": {
      "max": 50.913301,
      "mean": 48.476752905999966,
      "min": 48.215463,
      "p50": 48.4571745,
      "p95": 48.696924800000005,
      "p99": 48.79498922
    },
    "inference": {
      "max": 43.803565,
      "mean": 41.36147183100001,
      "min": 41.101801,
      "p50": 41.345765,
      "p95": 41.57540645,
      "p99": 41.675260200000004
    },
    "policy": {
      "max": 0.034167,
      "mean": 0.003503483000000001,
      "min": 0.002796,
      "p50": 0.003445,
      "p95": 0.003815899999999999,
      "p99": 0.004055
    },
    "preprocess": {
      "max": 1.178576,
      "mean": 1.0590685159999993,
      "min": 1.003854,
      "p50": 1.057965,
      "p95": 1.0737780499999998,
      "p99": 1.10237891
    }
  },
  "system": {
    "cpu_frequency_khz": 2400000,
    "cpu_temperature_c": 46.3,
    "peak_rss_kib": 98836,
    "system_cpu_seconds": 0.224956,
    "throttling": "unavailable",
    "user_cpu_seconds": 50.871098
  },
  "warmup_iterations": 50
}
