{
  "tool": "wildlife_trigger.optimize.m3_finetune",
  "design": "8.3",
  "candidate_id": "d4_m3_c15",
  "model_id": "M3-candidate",
  "kind": "pruned_fp32",
  "method": "c15",
  "seed": 42,
  "source_run_id": "c2_m0_fp32_seed42_20260716T061203Z",
  "source_checkpoint": {
    "path": "results/training/c2/c2_m0_fp32_seed42_20260716T061203Z/best.pt",
    "sha256": "42079c362013898c3354a65bbf8ced4524504c0dfc20cb6efaa00dabe9209074",
    "epoch": 11,
    "run_id": "c2_m0_fp32_seed42_20260716T061203Z"
  },
  "finetune_run_id": "d4_m3_c15_20260717T051748Z",
  "finetune_run_dir": "results/optimize/m3_prune/runs/d4/d4_m3_c15_20260717T051748Z",
  "best_epoch": 2,
  "best_checkpoint_sha256": "6d2f085bd201a1e221d0fdfc0145a5a031839236e3c5a1f996bbccfdbde034f7",
  "input": {
    "width": 256,
    "height": 192
  },
  "pruning": {
    "registration": "results/optimize/m3_prune/m3_registration.md",
    "target_fraction": 0.15,
    "predicted_reduction": 0.153089,
    "envelope_exhausted": false,
    "widths": {
      "features.2": 56,
      "features.3": 144,
      "features.4": 120,
      "features.5": 192,
      "features.6": 144,
      "features.7": 192,
      "features.8": 288,
      "features.9": 384,
      "features.10": 384,
      "features.11": 384,
      "features.12": 288,
      "features.13": 432,
      "features.14": 576,
      "features.15": 960,
      "features.16": 960,
      "features.17": 600
    },
    "removals": {
      "features.2": 40,
      "features.4": 24,
      "features.6": 48,
      "features.8": 96,
      "features.12": 288,
      "features.13": 144,
      "features.17": 360
    },
    "realized_mac_reduction_tp": 0.153089,
    "param_reduction": 0.127897,
    "profile_tp": {
      "macs": 264632208,
      "params": 1957320,
      "counter": "torch_pruning.utils.count_ops_and_params"
    },
    "params": 1957320,
    "macs_ladder_convention": 248620160,
    "exported_conv_shapes": [
      [
        16,
        32,
        1,
        1
      ],
      [
        24,
        56,
        1,
        1
      ],
      [
        24,
        144,
        1,
        1
      ],
      [
        32,
        1,
        3,
        3
      ],
      [
        32,
        3,
        3,
        3
      ],
      [
        32,
        120,
        1,
        1
      ],
      [
        32,
        144,
        1,
        1
      ],
      [
        32,
        192,
        1,
        1
      ],
      [
        56,
        1,
        3,
        3
      ],
      [
        56,
        16,
        1,
        1
      ],
      [
        64,
        192,
        1,
        1
      ],
      [
        64,
        288,
        1,
        1
      ],
      [
        64,
        384,
        1,
        1
      ],
      [
        64,
        384,
        1,
        1
      ],
      [
        96,
        288,
        1,
        1
      ],
      [
        96,
        384,
        1,
        1
      ],
      [
        96,
        432,
        1,
        1
      ],
      [
        120,
        1,
        3,
        3
      ],
      [
        120,
        24,
        1,
        1
      ],
      [
        144,
        1,
        3,
        3
      ],
      [
        144,
        1,
        3,
        3
      ],
      [
        144,
        24,
        1,
        1
      ],
      [
        144,
        32,
        1,
        1
      ],
      [
        160,
        576,
        1,
        1
      ],
      [
        160,
        960,
        1,
        1
      ],
      [
        160,
        960,
        1,
        1
      ],
      [
        192,
        1,
        3,
        3
      ],
      [
        192,
        1,
        3,
        3
      ],
      [
        192,
        32,
        1,
        1
      ],
      [
        192,
        32,
        1,
        1
      ],
      [
        288,
        1,
        3,
        3
      ],
      [
        288,
        1,
        3,
        3
      ],
      [
        288,
        64,
        1,
        1
      ],
      [
        288,
        96,
        1,
        1
      ],
      [
        320,
        600,
        1,
        1
      ],
      [
        384,
        1,
        3,
        3
      ],
      [
        384,
        1,
        3,
        3
      ],
      [
        384,
        1,
        3,
        3
      ],
      [
        384,
        64,
        1,
        1
      ],
      [
        384,
        64,
        1,
        1
      ],
      [
        384,
        64,
        1,
        1
      ],
      [
        432,
        1,
        3,
        3
      ],
      [
        432,
        96,
        1,
        1
      ],
      [
        576,
        1,
        3,
        3
      ],
      [
        576,
        96,
        1,
        1
      ],
      [
        600,
        1,
        3,
        3
      ],
      [
        600,
        160,
        1,
        1
      ],
      [
        960,
        1,
        3,
        3
      ],
      [
        960,
        1,
        3,
        3
      ],
      [
        960,
        160,
        1,
        1
      ],
      [
        960,
        160,
        1,
        1
      ],
      [
        1280,
        320,
        1,
        1
      ]
    ],
    "pre_finetune_primary": 0.012969690305949156,
    "invariants": {
      "expansion_widths": {
        "features.2": 56,
        "features.3": 144,
        "features.4": 120,
        "features.5": 192,
        "features.6": 144,
        "features.7": 192,
        "features.8": 288,
        "features.9": 384,
        "features.10": 384,
        "features.11": 384,
        "features.12": 288,
        "features.13": 432,
        "features.14": 576,
        "features.15": 960,
        "features.16": 960,
        "features.17": 600
      },
      "forward_backward": "ok"
    }
  },
  "model": {
    "path": "results/optimize/m3_prune/c15/model.onnx",
    "sha256": "501964cd0047c23e505190a39128bc9f8334b02a80d4936d2570ab8824bc56eb",
    "size_bytes": 7810036,
    "ir_version": 8,
    "producer": "pytorch 2.11.0",
    "opset_import": {
      "": 17
    },
    "inputs": [
      {
        "name": "input",
        "dtype": "FLOAT",
        "shape": [
          1,
          3,
          192,
          256
        ]
      }
    ],
    "outputs": [
      {
        "name": "logits",
        "dtype": "FLOAT",
        "shape": [
          1,
          16
        ]
      }
    ],
    "node_count": 170,
    "op_types": {
      "Add": 10,
      "Clip": 35,
      "Constant": 70,
      "Conv": 52,
      "Flatten": 1,
      "Gemm": 1,
      "GlobalAveragePool": 1
    }
  }
}
